site.latitude,site.longitude
44.357,-103.604
33.761,-104.96
39.102,-117.3
39.179,-94.644
31.386,-81.953
29.524,-104.213
40.639,-94.179
35.729,-106.431
34.617,-105.467
30.921,-100.583
42.135,-74.231
32.551,-110.382
48.482,-103.337
34.992,-108.063
46.922,-119.259
34.148,-79.94
42.172,-102.296
41.466,-109.6
38.545,-99.845
39.836,-86.466
43.533,-102.437
44.836,-72.268
44.788,-124.028
34.454,-112.779
48.067,-101.478
41.369,-111.505
46.149,-122.717
41.802,-117.325
45.299,-105.921
48.935,-112.962
42.825,-110.812
43.574,-123.454
43.297,-83.034
46.646,-117.011
37.903,-94.254
43.942,-98.66
43.012,-71.59
41.522,-97.383
31.931,-81.462
37.604,-103.529
32.148,-109.527
47.44,-116.312
29.211,-96.544
26.183,-97.47
33.482,-112.55
36.927,-90.719
43.745,-75.672
40.915,-93.153
31.801,-107.024
32.365,-90.279
45.619,-97.165
42.882,-124.39
43.582,-71.984
37.614,-94.676
35.849,-94.845
39.287,-121.455
41.22,-123.012
38.376,-93.262
34.983,-82.844
38.785,-86.901
42.137,-120.802
37.274,-78.633
46.402,-119.374
32.114,-110.684
30,-97.668
49.333,-95.065
38.792,-95.074
46.815,-123.536
43.299,-120.502
37.088,-120.751
40.062,-96.921
30.756,-99.568
45.742,-106.629
39.341,-123.248
42.581,-74.531
40.149,-117.653
35.737,-98.208
42.146,-104.673
38.181,-90.2
42.145,-119.58
45.929,-113.206
35.065,-95.39
42.022,-112.72
28.509,-96.661
39.755,-98.202
33.776,-111.027
32.309,-87.584
35.821,-93.094
31.908,-86.222
44.442,-70.516
40.223,-92.752
34.807,-113.134
37.222,-113.751
33.964,-98.153
42.086,-89.986
46.357,-114.63
34.049,-82.488
40.62,-89.979
40.636,-76.972
31.899,-105.885
34.279,-87.351
31.6,-109.042
45.176,-68.408
31.846,-106.519
31.892,-81.985
42.951,-86.133
47.906,-117.318
39.202,-87.27
36.139,-97.545
33.46,-84.569
48.905,-99.562
38.203,-77.393
43.823,-107.365
35.297,-104.218
30.95,-84.448
30.734,-89.523
41.309,-114.464
36.24,-90.772
41.959,-100.054
43.126,-106.174
48.44,-110.971
47.669,-97.045
30.679,-93.294
39.72,-114.442
43.868,-95.759
31.961,-84.546
41.172,-110.57
46.382,-104.189
48.275,-106.944
30.47,-81.872
42.812,-85.552
28.435,-82.613
34.73,-83.293
47.259,-107.4
33.842,-109.584
28.451,-99.706
36.706,-106.581
29.992,-82.965
38.52,-87.36
42.11,-97.1
45.757,-100.317
31.881,-98.347
38.254,-89.635
44.643,-83.831
34.18,-96.055
44.928,-94.048
32.216,-100.536
33.526,-105.454
42.049,-113.329
44.638,-97.764
45.4,-93.094
29.602,-94.445
32.318,-84.102
42.872,-78.108
35.155,-112.001
43.284,-101.352
30.13,-104.153
42.664,-77.255
40.257,-114.891
37.167,-119.787
38.894,-83.34
41.968,-75.805
34.444,-90.244
46.464,-117.597
39.168,-93.795
45.927,-118.531
37.503,-93.712
39.357,-98.614
36.676,-89.509
29.811,-100.889
36.812,-98.517
45.089,-115.974
44.997,-89.535
42.003,-97.985
40.301,-83.642
48.083,-118.902
37.021,-87.001
34.281,-100.931
42.211,-96.508
45.699,-68.484
47.866,-122.189
46.983,-115.984
45.218,-118.577
31.351,-85.532
37.017,-94.003
43.124,-117.174
35.407,-76.103
32.626,-100.175
41.913,-94.733
37.791,-78.779
39.042,-123.709
40.119,-76.833
46.295,-97.814
37.428,-82.504
35.623,-90.146
43.679,-115.349
31.456,-92.505
41.415,-84.014
35.255,-103.275
40.169,-88.725
48.833,-98.063
31.015,-91.265
34.097,-83.937
38.91,-102.972
46.22,-103.53
31.803,-95.417
33.19,-110.904
42.173,-99.326
43.603,-109.928
37.138,-103.064
41.603,-93.416
35.104,-110.774
47.111,-118.673
46.784,-112.65
35.616,-99.279
44.258,-96.218
35.272,-105.959
35.16,-94.856
38.297,-101.368
31.463,-99.222
34.557,-93.94
33.347,-90.071
48.752,-114.593
46.276,-102.264
40.649,-103.452
42.783,-75.227
39.109,-117.883
43.47,-94.398
46.891,-96.389
44.308,-85.91
30.213,-81.416
38.957,-101.987
44.826,-70.99
47.395,-101.089
32.091,-110.033
27.844,-99.798
34.909,-76.789
33.586,-101.014
47.312,-91.379
40.57,-107.512
42.469,-73.805
47.61,-105.019
48.136,-115.56
40.39,-111.413
39.899,-100.355
38.72,-77.532
36.737,-95.512
36.246,-95.651
47.384,-124.325
41.004,-99.265
35.451,-94.449
36.306,-109.8
34.669,-94.996
28.766,-99.232
43.774,-70.172
32.866,-90.369
35.656,-96.46
46.819,-91.258
36.194,-87.925
44.731,-114.905
46.659,-118.329
26.064,-81.574
39.732,-106.932
41.554,-106.215
39.284,-88.681
31.494,-97.701
48.887,-118.212
33.367,-109.363
40.095,-74.638
35.914,-112.315
39.765,-83.169
35.687,-100.224
45.096,-118.05
43.478,-90.607
38.753,-122.12
40.846,-95.916
42.02,-71.681
41.48,-92.247
46.557,-92.397
42.958,-121.297
42.796,-96.513
30.553,-103.822
40.274,-115.484
35.027,-103.785
34.929,-84.329
33.585,-96.707
42.491,-71.492
47.866,-120.328
45.077,-109.961
39.853,-101.64
41.196,-84.939
45.391,-99.351
45.087,-69.586
35.144,-98.323
41.301,-89.914
36.737,-101.108
38.735,-89.447
37.656,-75.711
36.99,-76.613
44.564,-90.973
43.399,-84.233
40.403,-92.166
43.928,-117.147
40.75,-105.065
33.377,-90.72
41.811,-109.08
38.862,-93.101
45.882,-99.221
41.717,-88.398
31.401,-97.193
40.623,-98.811
32.636,-80.668
44.131,-104.19
31.204,-83.008
42.811,-103.263
37.856,-77.774
34.262,-104.891
36.682,-85.127
38.296,-122.371
38.221,-111.329
43.177,-122.328
36.641,-88.829
47.854,-101.947
37.01,-103.6
44.056,-72.423
36.341,-97.007
30.59,-84.882
45.586,-87.582
34.21,-91.844
44.721,-93.281
31.814,-84.056
40.227,-85.106
41.763,-76.475
42.45,-92.039
35.467,-108.28
33.466,-116.662
44.037,-76.354
38.954,-114.943
48.062,-96.724
46.887,-94.784
38.257,-113.463
45.759,-123.191
41.138,-95.478
45.163,-120.807
29.599,-90.858
33.617,-89.525
39.732,-78.404
32.802,-115.151
34.281,-107.145
45.849,-110.146
35.735,-80.66
31.365,-111.047
35.237,-113.648
39.719,-84.904
31.75,-83.425
44.144,-86.399
42.875,-88.104
29.639,-82.526
40.064,-81.224
43.156,-73.707
33.251,-110.391
34.342,-93.023
34.298,-104.366
43.033,-74.216
34.336,-99.22
34.763,-101.23
32.694,-95.152
41.233,-96.938
37.613,-101.313
35.672,-86.097
38.627,-114.419
34.761,-119.092
35.28,-114.748
35.333,-93.248
38.794,-95.637
29.308,-97.037
38.276,-98.851
35.205,-89.646
31.484,-88.695
34.484,-102.93
35.013,-109.812
47.223,-103.014
44.597,-114.39
39.149,-99.172
31.272,-103.517
41.927,-73.545
36.865,-86.198
34.089,-81.949
39.255,-82.984
33.454,-116.126
48.872,-110.584
46.469,-120.225
39.31,-107.289
46.638,-104.867
41.679,-102.394
48.973,-100.733
39.637,-92.782
42.317,-103.354
38.22,-106.121
38.779,-120.38
33.897,-109.066
31.283,-83.759
45.321,-107.025
43.298,-114.456
37.732,-102.988
42.26,-72.505
38.14,-78.404
46.838,-100.077
35.849,-104.824
36.221,-108.689
35.745,-83.513
37.644,-104.505
30.309,-102.921
39.739,-115.03
32.638,-116.16
43.142,-77.107
36.779,-105.631
46.395,-115.129
43.693,-91.197
46.635,-116.352
43.221,-102.858
44.246,-113.188
43.741,-93.021
45.056,-91.087
33.81,-111.564
43.834,-108.443
33.187,-117.113
47.89,-103.424
45.429,-90.586
33.543,-83.373
40.462,-76.435
39.384,-78.788
35.085,-79.453
42.359,-124.454
32.704,-116.97
39.28,-75.199
33.117,-89.44
43.745,-117.707
48.364,-120.378
47.972,-112.671
43.282,-96.668
47.143,-99.614
43.939,-120.294
38.31,-81.476
43.864,-103.695
42.308,-75.389
35.084,-77.284
38.09,-93.692
45.655,-91.509
45.214,-93.571
45.13,-97.311
46.687,-94.308
33.685,-95.663
43.506,-108.834
31.456,-108.505
41.132,-94.603
29.973,-84.722
33.601,-104.416
37.299,-79.605
34.07,-97.631
43.444,-113.268
41.692,-99.006
42.728,-112.609
36.463,-104.494
39.576,-75.832
47.012,-117.972
33.577,-79.407
44.191,-123.422
30.84,-100.075
39.161,-119.941
37.723,-106.185
37.204,-101.694
40.794,-99.835
36.761,-77.097
32.196,-113.818
38.181,-76.546
35.178,-89.114
30.966,-92.78
29.311,-100.857
30.684,-103.333
43.921,-89.498
35.526,-103.707
36.379,-120.208
32.356,-82.543
41.044,-81.142
40.689,-84.735
46.452,-87.296
39.625,-108.206
30.608,-95.176
48.497,-122.663
41.045,-112.608
39.151,-84.003
48.992,-104.909
30.523,-86.402
29.202,-97.528
37.573,-81.078
42.183,-79.815
46.156,-68.758
38.229,-79.09
41.2,-81.696
48.483,-115.177
36.315,-93.209
41.665,-116.223
35.12,-99.389
32.15,-102.069
36.604,-90.062
42.78,-72.612
41.398,-80.761
33.961,-88.574
40.833,-79.277
40.388,-104.58
30.346,-92.057
40.979,-76.57
39.553,-88.223
35.692,-82.98
43.098,-105.11
42.498,-94.721
37.845,-121.037
29.545,-89.748
42.955,-92.758
36.387,-86.403
43.395,-72.683
35.409,-86.538
41.801,-111.165
44.34,-88.065
40.009,-89.462
37.681,-102.012
31.103,-94.918
38.552,-109.138
39.417,-86.099
36.758,-107.139
32.507,-112.327
48.972,-111.622
48.107,-102.96
45.699,-109.633
38.024,-87.285
42.285,-114.606
41.321,-76.165
41.428,-95.036
35.873,-76.518
43.54,-119.662
42.109,-105.263
32.101,-96.437
38.883,-101.416
48.944,-95.571
39.597,-81.475
33.951,-112.793
48.241,-93.604
36.089,-120.663
39.767,-108.809
30.779,-101.58
41.496,-86.362
48.531,-102.185
42.894,-90.659
32.697,-95.797
42.209,-95.172
40.823,-111.077
38.186,-110.756
43.66,-111.325
31.208,-96.18
37.126,-85.746
40.386,-79.688
41.225,-97.815
47.332,-112.154
39.837,-123.313
43.592,-105.032
37.899,-82.268
44.189,-111.927
46.797,-114.283
47.714,-109.133
48.943,-108.585
47.377,-112.66
33.564,-101.535
38.253,-111.903
32.099,-108.099
35.759,-77.1
43.101,-88.679
45.575,-99.832
32.978,-112.565
35.75,-97.133
46.066,-92.269
43.903,-100.337
35.419,-107.732
27.047,-81.275
42.584,-105.485
45.91,-90.383
43.835,-124.212
33.991,-89.097
38.193,-105.135
47.788,-115.938
43.227,-75.538
32.702,-102.89
44.389,-120.003
33.408,-85.101
34.565,-97.51
34.269,-113.404
39.397,-91.23
48.041,-98.689
34.97,-114.121
31.705,-96.054
29.734,-91.717
36.342,-95.108
31.855,-85.588
40.475,-100.683
38.606,-113.841
33.839,-99.328
44.417,-69.248
33.114,-109.84
46.698,-85.008
48.426,-117.181
37.547,-86.098
34.783,-100.701
42.518,-107.726
45.715,-94.651
41.506,-82.813
35.283,-107.036
34.173,-106.069
38.304,-95.361
41.931,-91.037
38.288,-103.607
40.544,-84.178
36.267,-112.675
35.745,-101.305
40.913,-121.971
44.851,-103.512
45.835,-91.022
34.644,-86.907
39.502,-74.69
31.805,-102.933
44.387,-102.991
43.939,-72.942
40.148,-75.65
38.318,-121.22
35.616,-105.334
42.186,-112.162
44.402,-109.803
36.257,-87.374
44.769,-118.882
41.713,-110.101
40.62,-114.41
38.589,-112.411
36.374,-76.512
37.398,-112.398
32.855,-101.869
37.662,-113.447
37.013,-105.114
38.306,-95.919
33.686,-96.186
30.728,-102.582
41.198,-92.702
32.981,-84.775
33.616,-82.174
35.669,-102.914
39.353,-93.221
47.542,-121.7
44.837,-72.907
29.812,-96.176
35.144,-90.453
43.162,-122.95
30.444,-84.4
47.67,-108.466
43.11,-72.172
48.342,-98.209
36.529,-103.41
37.717,-95.366
46.146,-91.63
48.857,-105.555
39.967,-96.347
46.506,-115.817
48.232,-106.109
44.385,-106.389
32.659,-105.082
39.274,-97.619
42.911,-113.575
32.079,-93.626
37.888,-88.278
43.562,-86.491
45.228,-117.14
33.459,-81.678
35.54,-93.777
37.313,-97.847
33.299,-91.246
43.592,-100.923
48.937,-97.567
47.387,-105.472
36.476,-81.044
36.051,-84.683
41.271,-75.133
43.286,-85.319
42.129,-88.793
42.67,-116.863
35.052,-94.059
43.582,-107.932
36.151,-85.892
44.621,-89.886
42.207,-90.569
46.499,-95.111
41.11,-105.556
36.879,-120.249
40.43,-105.455
40.758,-87.057
44.195,-108.827
31.585,-110.065
32.895,-81.137
48.322,-121.894
39.281,-95.209
41.723,-95.473
31.838,-100.002
30.848,-92.156
45.038,-105.409
47.331,-115.611
35.231,-83.336
31.03,-105.517
30.606,-89.032
39.741,-103.921
45.38,-68.963
29.456,-99.631
44.848,-67.755
27.492,-97.735
48.819,-110.066
40.707,-92.583
35.22,-108.775
40.374,-82.319
45.436,-115.613
32.191,-94.39
48.13,-99.185
36.029,-77.575
46.824,-124.042
36.003,-84.147
45.133,-109.345
37.485,-109.904
41.971,-92.366
40.181,-84.535
46.161,-111.988
41.114,-122.511
37.361,-109.182
33.215,-100.338
40.752,-101.139
39.231,-102.438
28.888,-82.163
45.878,-115.28
30.23,-89.442
32.955,-81.647
32.575,-83.671
37.122,-94.548
39.226,-120.698
42.24,-76.323
46.215,-101.304
45.309,-108.439
38.556,-104.06
36.245,-83.559
40.26,-95.917
45.441,-88.545
44.639,-67.21
36.886,-102.215
41.361,-72.544
34.671,-84.772
36.721,-108.645
30.705,-97.056
29.749,-83.507
43.881,-74.532
42.853,-102.366
46.375,-93.045
35.894,-81.171
26.17,-80.837
35.415,-92.576
39.137,-85.003
35.952,-96.057
40.829,-123.447
34.822,-78.976
46.557,-99.578
38.325,-120.644
32.822,-84.15
45.195,-119.371
30.933,-81.529
38.756,-81.946
47.169,-98.164
44.06,-119.554
37.959,-105.662
42.59,-72.069
28.911,-95.684
31.425,-81.433
43.181,-97.27
34.234,-107.668
37.623,-78.26
43.495,-116.684
33.141,-80.692
47.677,-115.234
43.91,-71.535
29.685,-98.527
32.305,-106.972
45.999,-107.154
43.324,-111.699
38.521,-107.295
43.109,-117.942
35.968,-108.234
46.932,-107.82
41.458,-91.515
41.984,-107.029
40.238,-109.048
39.967,-95.487
36.226,-88.465
43.548,-104.112
44.761,-117.606
36.246,-96.464
35.28,-100.6
39.297,-112.303
29.689,-103.237
41.804,-77.515
40.346,-101.539
39.524,-115.838
45.497,-89.795
44.949,-101.191
44.925,-74.149
40.812,-108.141
39.81,-109.395
30.211,-95.803
33.509,-84.036
29.164,-81.118
39.803,-119.151
35.689,-89.467
47.369,-109.707
30.114,-91.197
43.338,-89.56
48.25,-97.713
43.168,-90.182
41.631,-76.967
44.41,-68.128
44.083,-100.81
45.857,-113.826
35.721,-108.732
35.404,-99.805
33.783,-113.285
37.147,-104.58
46.413,-88.42
35.144,-86.976
40.054,-97.782
32.829,-102.384
37.377,-104.056
44.117,-70.974
43.846,-87.977
33.528,-99.836
37.825,-122.18
40.917,-103.921
38.041,-80.831
42.454,-99.789
40.263,-86.981
41.209,-115.925
36.589,-120.707
41.287,-77.37
34.046,-83.416
33.871,-80.932
29.411,-95.435
42.585,-90.237
40.654,-90.846
40.577,-81.398
33.901,-100.511
32.608,-83.017
45.441,-101.077
46.361,-84.431
46.023,-70.302
32.388,-90.791
44.053,-97.747
35.757,-113.508
40.592,-75.951
40.416,-121.915
44.394,-100.219
26.578,-98.072
33.927,-114.387
33.554,-86.915
44.804,-105.994
34.998,-100.182
37.22,-80.6
39.147,-79.282
42.006,-123.671
37.39,-121.292
38.644,-76.981
48.654,-103.858
45.2,-102.306
42.699,-95.913
44.41,-99.604
40.664,-108.697
32.243,-112.787
40.276,-80.446
33.687,-110.083
46.002,-94.17
42.965,-98.768
43.769,-95.151
43.758,-105.516
35.43,-84.38
34.909,-86.472
36.806,-109.764
41.845,-114.925
34.374,-80.958
40.07,-101.085
34.116,-80.48
42.828,-83.285
37.913,-84.507
32.733,-106.647
47.243,-92.515
48.489,-111.486
44.092,-110.97
35.899,-99.697
39.639,-122.782
45.783,-102.369
42.306,-85.339
45.817,-96.539
40.981,-72.087
46.893,-103.779
39.634,-118.356
41.988,-70.928
48.167,-108.411
37.994,-112.404
31.522,-100.493
43.868,-101.403
34.974,-118.479
43.651,-84.949
32.793,-113.178
41.872,-78.847
46.915,-88.676
47.28,-95.26
47.062,-102.188
31.188,-98.199
39.504,-82.503
43.257,-93.195
44.967,-106.49
38.166,-114.148
44.479,-73.84
30.694,-94.046
35.409,-78.15
42.826,-91.565
34.165,-90.661
44.842,-88.309
48.412,-99.696
31.104,-102.995
38.398,-82.306
36.467,-108.186
45.546,-120.323
38.559,-92.694
37.936,-91.474
33.613,-80.458
38.871,-90.281
40.71,-78.279
36.462,-91.435
44.636,-117.085
34.371,-114.101
31.502,-101
47.673,-95.743
39.507,-113.801
39.423,-92.081
45.017,-98.552
38.36,-87.942
33.103,-105.789
41.354,-82.253
48.515,-108.989
33.902,-115.852
46.891,-95.586
35.775,-81.877
38.215,-83.47
44.996,-107.434
46.464,-89.532
31.48,-101.506
29.312,-96.052
28.926,-100.465
39.819,-123.902
32.222,-102.588
34.519,-99.757
37.875,-99.251
33.482,-97.227
41.704,-122.613
33.355,-93.064
42.565,-107.133
47.091,-116.681
34.539,-109.586
36.619,-113.039
40.153,-94.337
43.826,-99.569
46.859,-104.418
37.772,-89.819
37.207,-111.515
36.891,-121.244
41.513,-111.988
45.745,-114.754
44.096,-104.8
41.145,-120.707
37.782,-86.62
41.317,-106.765
44.713,-123.347
44.845,-112.261
40.307,-121.421
33.476,-97.748
36.167,-102.829
33.358,-98.786
36.11,-99.167
46.066,-99.706
38.901,-106.226
40.153,-106.57
33.886,-91.076
38.508,-108.564
34.491,-108.11
31.176,-90.37
43.952,-93.927
43.664,-70.693
41.477,-79.7
37.137,-88.914
38.828,-118.367
44.209,-87.467
45.683,-92.608
38.781,-85.488
46.835,-114.786
32.396,-96.952
34.711,-92.079
36.122,-79.751
38.312,-91.028
38.394,-94.381
35.234,-80.636
40.04,-98.642
34.74,-101.76
39.663,-79.437
39.934,-122.312
39.945,-113.486
37.808,-85.641
41.277,-100.011
39.473,-103.46
39.766,-97.345
46.19,-112.64
41.456,-87.252
43.061,-108.285
32.814,-91.536
41.605,-105.484
35.992,-113.98
45.704,-98.268
42.671,-84.974
43.626,-83.423
44.711,-121.095
48.841,-119.905
36.541,-96.057
32.72,-113.685
37.059,-80.081
38.878,-110.77
35.709,-109.816
30.356,-89.931
46.524,-110.312
39.542,-102.041
36.633,-94.695
39.601,-76.697
46.847,-102.647
35.239,-85.622
40.39,-106.029
40.896,-107.132
40.484,-91.583
43.142,-70.601
43.058,-78.818
33.643,-108.624
39.774,-85.614
48.864,-113.616
33.308,-86.293
44.738,-85.058
47.082,-97.195
45.673,-116.819
42.697,-95.315
42.578,-70.838
28.06,-99.324
31.185,-87.205
30.618,-104.332
43.318,-91.681
45.329,-96.691
29.992,-82.087
37.742,-83.699
39.502,-102.893
43.818,-112.601
38.641,-83.814
40.181,-118.698
44.437,-118.436
30.206,-94.807
31.903,-91.081
47.266,-110.826
37.497,-90.259
44.952,-71.74
33.06,-103.573
30.375,-98.925
36.033,-93.896
42.541,-102.782
40.919,-101.881
41.33,-103.533
43.481,-106.691
35.908,-86.605
30.87,-99.07
40.609,-110.294
34.782,-107.091
40.867,-115.52
35.918,-101.858
28.375,-98.85
31.969,-93.119
36.862,-109.223
41.347,-100.894
37.257,-107.083
45.561,-102.974
43.134,-104.511
39.707,-104.489
43.676,-112.099
43.163,-112.269
43.979,-84.119
38.416,-100.817
37.029,-95.099
35.163,-96.723
38.273,-85.287
47.432,-121.145
45.957,-87.211
46.344,-120.994
44.231,-93.15
42.148,-77.109
31.108,-85.058
40.732,-81.948
41.038,-109.95
44.643,-106.9
37.958,-99.811
29.689,-81.266
48.957,-116.192
31.899,-97.073
27.821,-81.741
33.239,-92.419
33.306,-111.586
38.88,-103.534
39.755,-77.816
42.672,-93.222
42.215,-118.536
34.892,-81.115
35.025,-82.299
32.97,-93.597
30.342,-83.409
40.894,-83.673
34.77,-85.958
42.326,-100.823
42.051,-121.841
31.842,-103.959
38.655,-108.025
44.221,-75.509
37.961,-92.306
33.816,-78.952
43.641,-99.102
34.447,-98.696
38.683,-115.438
42.01,-107.928
47.058,-93.01
38.896,-84.476
46.089,-87.827
30.047,-99.908
46.921,-119.921
40.746,-83.117
34.72,-89.823
32.863,-109.4
41.954,-91.775
39.641,-99.054
44.162,-108.047
32.451,-81.617
43.576,-96.216
33.247,-99.301
43.163,-101.945
45.628,-86.63
39.438,-105.596
33.343,-115.563
43.7,-103.065
43.762,-121.324
32.677,-87.154
33.789,-86.096
34.674,-106.008
38.696,-113.151
31.151,-89.867
46.495,-97.342
31.456,-102.012
46.388,-93.84
45.12,-90.146
43.425,-85.904
32.047,-86.717
44.013,-102.641
39.278,-90.671
46.537,-85.52
33.19,-95.406
47.733,-111.114
33.753,-114.875
39.25,-122.176
41.713,-69.972
29.721,-85.258
42.053,-115.593
32.678,-106.121
42.632,-100.398
40.892,-89.516
31.851,-82.507
33.41,-117.58
44.93,-73.509
35.069,-109.285
45.172,-91.701
32.038,-105.39
30.815,-87.626
38.912,-111.349
39.258,-106.709
36.23,-98.089
48.94,-101.73
37.492,-77.311
45.505,-121.767
41.191,-87.728
35.911,-78.157
47.885,-120.844
36.53,-77.578
35.186,-102.733
42.979,-97.867
45.305,-115.09
37.054,-110.23
34.763,-88.755
39.891,-112.309
36.484,-82.005
36.265,-109.244
43.514,-110.827
36.193,-89.69
37.58,-83.032
44.775,-88.939
47.755,-114.596
47.002,-106.863
44.288,-122.349
46.299,-105.613
48.128,-110.059
31.807,-104.466
40.701,-118.588
45.552,-105.018
32.608,-82.107
35.349,-111.233
37.837,-121.609
45.032,-94.666
39.619,-99.908
40.537,-124.376
34.177,-95.266
33.442,-114.262
48.551,-95.244
43.964,-96.675
36.88,-104.135
32.741,-92.315
37.261,-87.66
48.415,-119.38
46.931,-111.227
32.581,-93.996
30.287,-101.419
44.096,-69.712
41.404,-71.62
31.43,-102.517
30.363,-101.925
46.302,-108.332
40.354,-94.908
44.544,-94.523
40.07,-104.969
38.931,-91.97
36.716,-93.602
41.453,-73.717
42.657,-104.295
39.115,-108.395
46.857,-109.909
36.638,-82.524
40.27,-85.678
33.672,-106.13
28.233,-100.182
46.254,-123.263
46.391,-113.506
32.151,-99.508
31.623,-110.586
46.992,-108.319
34.299,-82.972
35.064,-81.752
30.579,-90.415
40.154,-103.539
47.46,-93.637
43.489,-73.271
42.473,-123.885
41.556,-81.317
46.057,-108.919
46.984,-117.466
30.692,-98.059
43.237,-115.67
40.002,-115.987
37.619,-96.611
39.044,-92.528
48.347,-124.653
48.161,-96.233
30.61,-96.303
31.746,-89.817
35.116,-105.401
41.95,-102.866
39.483,-113.216
31.086,-93.658
37.294,-88.208
48.771,-119.019
29.707,-94.938
46.046,-88.944
33.202,-106.978
48.835,-107.389
44.743,-122.072
33.97,-116.676
41.013,-79.969
46.065,-106.211
39.741,-121.194
36.445,-106.13
32.228,-89.52
40.552,-95.483
45.862,-123.734
47.395,-103.522
33.847,-90.161
39.52,-87.656
42.52,-120.342
36.12,-90.239
46.022,-119.872
32.641,-103.917
37.128,-106.233
46.499,-96.705
37.198,-113.186
36.329,-105.022
46.152,-102.885
44.748,-115.542
33.131,-107.75
47.367,-123.302
40.669,-117.534
27.561,-81.301
31.397,-90.861
47.852,-122.862
34.018,-99.993
38.239,-100.246
35.574,-84.896
47.655,-118.392
46.711,-122.984
31.106,-96.684
36.953,-100.576
41.56,-84.578
32.774,-107.302
44.252,-113.97
26.52,-80.409
33.933,-81.45
35.166,-90.986
45.402,-104.21
31.856,-111.923
44.843,-95.755
36.458,-79.256
43.462,-93.792
37.757,-87.737
48.6,-106.509
38.097,-107.644
37.218,-83.379
45.873,-89.439
48.396,-100.355
41.799,-124.193
45.279,-71.28
34.745,-93.404
36.882,-121.808
39.944,-76.301
39.134,-80.863
26.77,-98.554
38.582,-93.815
42.32,-77.663
43.241,-99.535
33.364,-82.617
42.803,-106.573
36.165,-89.15
40.177,-91.172
42.404,-109.055
42.503,-88.451
39.815,-102.496
31.341,-92.004
42.973,-93.659
45.543,-117.737
34.497,-109.044
28.204,-97.144
39.938,-90.043
44.5,-71.448
34.592,-81.982
32.588,-110.91
34.259,-101.457
42.941,-92.158
42.618,-119.764
40.973,-78.796
46.318,-114.131
46.853,-115.447
41.816,-86.757
48.537,-112.002
36.8,-110.73
32.993,-96.443
45.904,-103.964
45.967,-104.607
42.249,-121.309
41.679,-99.594
47.214,-110.323
45.404,-124.002
36.986,-99.482
34.27,-85.896
29.182,-98.634
46.774,-93.505
42.291,-93.685
40.63,-93.6
46.3,-94.637
44.226,-99.133
47.681,-106.993
47.866,-95.253
36.685,-84.028
48.165,-105.603
41.704,-98.418
32.52,-86.398
45.891,-93.227
34.756,-103.356
40.976,-113.181
45.331,-95.91
33.935,-110.53
36.271,-111.851
44.249,-118.997
47.282,-96.068
34.49,-89.181
45.309,-112.548
42.981,-110.242
34.729,-106.549
29.285,-82.961
43.265,-98.328
40.79,-113.869
34.574,-95.659
45.66,-84.253
32.742,-89.862
46.484,-98.298
43.238,-74.916
44.262,-105.287
40.734,-85.311
37.285,-86.551
41.714,-85.292
38.277,-84.162
32.948,-112.033
48.331,-93.107
28.193,-80.69
33.513,-102.575
38.827,-82.643
44.072,-90.861
32.603,-89.1
47.638,-99.321
37.718,-108.554
33.419,-113.726
41.864,-86.008
34.235,-101.983
47.423,-100.119
34.229,-106.607
40.436,-123.877
39.863,-82.138
37.837,-76.931
44.355,-95.604
43.421,-118.523
32.884,-85.96
48.924,-106.068
45.419,-114.171
31.823,-87.768
43.922,-92.401
41.135,-108.939
43.263,-105.59
44.721,-116.482
27.997,-97.625
37.829,-110.396
43.339,-71.144
32.201,-95.926
34.378,-119.509
34.684,-83.836
35.787,-119.58
33.181,-94.368
26.688,-97.48
36.797,-88.128
38.881,-94.228
29.783,-101.507
43.091,-119.33
42.211,-95.766
31.304,-104.536
34.735,-107.618
44.598,-120.568
44.558,-111.244
26.839,-82.037
37.636,-112.878
36.181,-91.86
40.931,-123.948
36.301,-103.93
39.919,-92.338
42.589,-94.122
46.323,-106.736
29.979,-93.195
33.989,-108.156
41.118,-74.137
44.911,-70.31
39.783,-107.516
37.475,-92.471
46.351,-107.702
42.091,-103.922
42.359,-89.512
31.613,-89.192
35.784,-120.134
29.27,-99.13
38.275,-106.691
32.442,-88.085
38.764,-121.54
41.863,-108.495
36.458,-100.679
34.762,-104.821
46.684,-90.148
31.712,-85.097
42.233,-117.78
32.818,-115.683
40.206,-107.157
33.74,-92.656
34.663,-90.756
45.68,-122.499
34.711,-119.896
36.484,-78.697
36.01,-85.369
31.11,-89.112
40.79,-109.455
46.677,-107.285
45.938,-100.804
38.845,-123.183
43.792,-85.536
31.949,-108.589
42.659,-116.247
41.782,-78.122
41.789,-75.26
46.241,-111.206
33.905,-113.848
44.675,-119.483
44.59,-104.718
30.701,-94.548
41.017,-121.41
39.352,-119.427
33.929,-88.051
47.373,-101.735
35.661,-88.931
46.012,-95.276
47.761,-94.276
43.868,-118.222
32.473,-98.495
46.209,-109.433
37.518,-87.073
33.428,-87.976
41.247,-118.937
41.671,-113.972
35.528,-77.573
48.921,-104.397
41.409,-79.123
32.465,-84.596
48.533,-118.579
35.438,-79.096
40.236,-82.929
44.618,-69.798
35.059,-78.512
43.405,-76.097
27.001,-80.193
34.76,-110.299
40.937,-97.37
41.48,-115.413
39.14,-104.132
39.924,-99.497
35.237,-101.667
43.863,-97.284
45.475,-70.059
42.465,-78.833
36.676,-91.967
38.64,-84.945
28.058,-81.207
40.382,-113.167
44.806,-92.658
43.201,-91.085
44.3,-91.917
26.265,-98.539
47.376,-123.814
36.412,-78.163
40.22,-81.77
33.223,-91.901
43.755,-98.195
33.708,-91.611
40.776,-102.885
45.703,-93.708
45.523,-95.126
34.505,-110.782
45.036,-95.288
39.679,-120.431
32.39,-81.11
45.067,-84.214
39.513,-83.649
46.638,-91.752
42.374,-110.402
27.197,-82.459
27.183,-80.764
46.378,-118.873
47.117,-100.58
36.318,-98.634
32.074,-113.268
29.24,-81.726
32.811,-87.656
31.874,-103.451
44.139,-114.873
40.967,-91.404
42.695,-97.11
33.295,-87.469
38.206,-109.633
32.453,-108.547
34.459,-98.036
29.896,-104.627
46.317,-86.678
37.873,-103.977
41.359,-102.949
34.151,-78.47
37.764,-79.349
39.278,-85.55
30.162,-99.415
45.259,-87.002
45.913,-83.725
37.618,-88.725
28.554,-81.112
41.041,-114.979
37.358,-100.19
47.374,-94.612
36.193,-105.549
32.84,-99.67
38.913,-91.406
43.752,-90.126
43.372,-113.863
47.289,-88.304
36.415,-101.764
32.986,-97.348
42.273,-83.698
40.126,-120.753
29.859,-102.01
35.967,-91.333
46.579,-86.154
32.467,-93.228
44.052,-120.815
47.326,-106.437
46.538,-122.238
40.703,-116.655
33.491,-89.014
43.512,-89.086
40.972,-106.121
37.421,-90.818
46.882,-97.672
32.333,-91.95
37.472,-99.645
34.583,-79.438
39.298,-115.334
37.26,-77.796
35.133,-98.856
44.315,-117.916
48.05,-123.471
34.798,-104.292
29.906,-97.169
46.663,-108.732
37.162,-91.8
30.444,-82.508
34.618,-80.503
44.702,-111.751
35.26,-101.134
42.186,-113.821
32.878,-101.353
33.268,-114.747
35.054,-97.787
30.7,-97.558
35.393,-81.143
31.277,-98.708
39.654,-93.636
39.467,-94.212
32.912,-79.692
40.352,-97.358
47.794,-110.47
37.789,-98.692
30.854,-102.089
34.123,-89.743
33.297,-113.167
42.185,-86.404
45.906,-101.75
48.572,-109.502
48.978,-103.236
42.019,-101.243
47.909,-106.545
42.678,-82.712
41.021,-86.58
44.356,-74.359
38.945,-111.928
40.415,-99.379
29.818,-102.752
41.418,-123.558
34.173,-94.74
42.645,-115.631
31.345,-82.472
30.949,-86.727
43.11,-107.688
42.183,-116.09
39.575,-84.355
48.456,-117.7
42.603,-101.293
38.941,-86.313
30.237,-102.415
35.35,-104.895
38.795,-90.851
34.686,-111.759
45.449,-113.065
36.736,-96.603
46.647,-106.314
30.229,-85.311
34.886,-91.405
44.223,-105.898
30.384,-104.808
32.292,-97.464
40.127,-102.096
47.536,-102.565
41.65,-88.996
42.068,-84.783
37.067,-82.853
48.158,-103.954
30.802,-83.964
36.604,-99.054
43.81,-115.858
34.08,-79.422
37.68,-106.735
32.363,-99.004
34.511,-102.403
48.843,-97.067
39.351,-81.961
34.08,-96.581
37.799,-98.138
35.783,-106.981
41.333,-107.799
36.663,-102.742
34.409,-86.407
38.64,-76.265
33.797,-82.932
41.434,-118.403
40.553,-96.35
48.924,-98.565
43.756,-75.045
44.858,-68.883
29.34,-100.119
32.72,-85.205
43.09,-119.95
37.368,-122.428
39.556,-117.598
46.087,-89.891
46.134,-105.109
48.605,-107.842
33.649,-85.59
44.594,-113.603
34.028,-105.389
48.322,-113.11
40.001,-91.759
45.545,-116.291
31.453,-88.19
40.397,-78.953
46.249,-100.194
33.966,-93.957
44.386,-71.973
40.787,-86.032
44.058,-94.688
44.948,-108.05
32.474,-88.597
44.332,-112.433
35.729,-88.385
40.272,-118.138
46.958,-99.121
46.897,-101.366
34.226,-92.37
42.91,-100.868
34.797,-114.617
35.983,-78.687
37.38,-121.86
47.243,-108.862
46.576,-110.81
36.923,-79.001
37.32,-97.297
38.232,-112.889
40.087,-102.955
36.523,-86.93
43.217,-100.44
40.988,-92.13
39.477,-105.03
42.727,-89.024
47.566,-97.692
42.335,-91.451
37.305,-98.397
40.649,-106.506
29.71,-96.671
30.849,-83.45
35.697,-102.378
31.194,-94.159
38.392,-88.5
33.287,-103.076
41.283,-108.38
31.7,-94.91
44.244,-90.231
43.469,-97.73
29.773,-99.026
38.105,-94.806
33.192,-95.925
41.24,-85.519
43.367,-116.176
48.03,-102.458
42.186,-98.733
40.16,-114.13
32.834,-111.353
39.257,-77.09
42.973,-118.819
45.223,-83.711
39.81,-80.704
41.678,-89.583
39.826,-121.821
44.404,-107.476
32.669,-80.139
35.018,-88.061
44.798,-83.331
42.005,-94.139
37.228,-95.646
46.403,-95.749
37.002,-93.181
43.865,-109.218
45.928,-119.182
33.162,-105.015
45.734,-108.054
33.644,-79.922
32.689,-94.637
34.517,-120.375
32.175,-104.894
48.777,-116.806
42.398,-97.551
38.64,-105.762
30.981,-88.618
39.842,-80.116
47.537,-119.85
41.517,-71.12
39.696,-89.064
37.832,-120.028
31.585,-93.769
44.743,-96.839
41.431,-95.915
33.001,-104.476
43.304,-112.767
48.977,-117.564
47.43,-117.138
41.059,-88.915
38.728,-75.52
44.881,-102.894
37.032,-96.195
31.951,-107.561
38.772,-120.96
31.771,-90.325
39.353,-90.096
32.284,-97.976
36.554,-110.263
46.721,-103.274
45.818,-95.751
30.527,-91.547
32.302,-109.038
30.21,-96.676
41.765,-83.501
41.709,-90.317
35.23,-106.49
41.223,-88.31
28.704,-97.273
40.355,-112.574
47.241,-68.564
45.035,-121.558
36.775,-100.018
36.204,-80.418
47.619,-114.054
35.359,-110.287
48.046,-107.395
45.123,-97.934
42.622,-104.89
48.074,-109.548
42.699,-111.994
45.997,-84.822
25.904,-80.408
35.246,-88.571
41.211,-98.691
37.158,-84.912
39.098,-75.981
38.874,-105.23
34.412,-85.212
41.954,-120.116
39.425,-89.52
35.947,-111.229
43.355,-109.413
28.532,-81.733
39.612,-116.594
35.702,-110.767
46.815,-121.202
43.656,-82.65
38.577,-98.443
44.4,-89.291
41.239,-117.732
46.594,-111.623
33.114,-108.923
47.879,-111.649
45.245,-85.279
40.608,-102.287
30.949,-88.117
46.281,-98.767
42.398,-123.229
42.663,-118.241
37.848,-80.032
28.179,-82.166
44.829,-101.801
41.221,-116.527
42.313,-110.99
45.975,-121.979
39.863,-90.623
46.107,-97.017
39.262,-107.852
41.838,-119.006
39.377,-101.315
34.93,-92.865
45.891,-121.286
41.659,-107.416
30.368,-92.806
42.806,-84.196
36.04,-82.505
40.843,-95.045
44.448,-97.296
41.691,-72.115
43.03,-114.988
38.327,-104.593
43.844,-102.012
46.797,-120.697
38.804,-88.876
34.389,-91.305
34.257,-103.436
44.271,-115.385
42.682,-76.639
39.592,-100.762
33.399,-81.163
38.316,-85.843
40.792,-118.024
41.862,-110.582
47.649,-106.006
38.073,-92.857
34.65,-79.959
37.656,-91.908
39.939,-84.001
44.265,-85.299
47.903,-100.48
38.003,-97.588
34.163,-119.029
48.107,-107.902
41.946,-111.65
40.311,-86.251
44.548,-95.14
36.559,-80.06
34.75,-111.236
37.696,-105.207
45.809,-97.642
43.289,-103.471
39.889,-110.568
36.72,-80.575
36.881,-112.549
29.976,-90.335
42.446,-85.914
44.062,-106.794
44.387,-73.241
42.681,-98.306
32.975,-88.675
36.989,-92.633
26.455,-99.02
41.502,-122.068
34.013,-102.49
36.392,-121.196
29.595,-98.03
40.942,-77.769
33.56,-107.426
39.227,-110.276
38.429,-91.58
28.811,-96.174
39.12,-78.282
47.844,-124.05
44.94,-114.023
47.961,-94.761
38.291,-98.014
45.647,-112.166
38.359,-114.914
48.609,-102.691
30.697,-82.969
46.87,-113.654
46.018,-120.524
36.194,-102.288
44.8,-108.645
36.394,-99.588
32.197,-95.03
34.502,-100.285
43.282,-121.748
33.725,-92.133
27.453,-99.419
38.62,-80.697
42.556,-109.54
40.926,-98.243
35.592,-111.694
35.919,-107.682
37.932,-100.643
38.493,-97.46
39.311,-79.815
33.855,-98.674
39.573,-86.934
46.208,-96.225
38.176,-101.917
36.614,-107.664
38.355,-119.932
38.559,-99.284
33.043,-86.719
44.672,-100.702
46.913,-109.274
33.983,-115.339
26.953,-99.278
48.479,-100.857
30.179,-103.409
35.885,-104.288
43.684,-88.609
35.667,-109.265
40.58,-89.113
38.736,-118.914
48.527,-98.877
34.528,-103.863
31.956,-88.265
45.189,-92.324
34.779,-87.423
43.144,-84.737
34.429,-88.128
42.573,-121.755
37.415,-84.453
33.174,-80.159
46.49,-101.808
46.191,-116.682
47.357,-98.657
32.569,-114.696
35.646,-97.668
40.193,-108.459
45.577,-107.547
40.333,-123.38
40.797,-119.22
37.378,-120.29
31.612,-111.484
42.58,-101.889
35.169,-80.11
48.259,-95.741
38.877,-98.032
48.826,-115.635
29.259,-103.69
41.245,-104.989
34.472,-96.98
37.957,-109.16
42.664,-99.203
39.934,-105.526
32.381,-85.9
29.794,-93.945
34.435,-81.479
38.279,-86.69
43.909,-114.334
44.982,-100.105
48.301,-104.965
38.909,-100.712
37.905,-90.642
45.919,-88.326
33.112,-83.057
31.239,-104.021
35.309,-113.123
42.996,-109.03
48.306,-121.375
43.184,-95.159
36.629,-97.692
35.391,-76.654
44.203,-116.617
38.466,-82.998
38.779,-81.23
32.944,-88.16
38.318,-103.05
28.994,-98.014
36.26,-77.098
41.321,-78.403
35.957,-110.275
41.898,-101.825
34.425,-112.236
44.42,-121.609
45.717,-105.518
35.828,-112.979
29.855,-92.331
36.528,-94.153
32.529,-107.782
45.108,-113.441
33.468,-98.269
35.825,-98.75
48.157,-97.218
45.501,-98.73
43.332,-77.817
36.547,-113.574
45.419,-110.518
41.607,-121.502
31.32,-87.697
37.087,-89.882
46.698,-67.827
31.987,-88.774
36.182,-100.119
46.738,-112.149
39.924,-111.156
43.804,-106.289
41.138,-96.353
38.911,-104.669
35.016,-102.183
27.872,-98.832
48.561,-101.36
35.759,-87.301
31.543,-86.652
40.883,-104.5
46.018,-117.917
39.133,-112.836
33.187,-94.887
41.121,-93.728
33.659,-103.505
47.54,-104.519
40.995,-82.625
35.278,-87.495
40.345,-90.438
36.241,-101.207
47.986,-100.978
39.674,-95.918
45.493,-67.928
42.984,-94.561
39.379,-111.603
43.353,-87.89
32.522,-105.582
35.067,-96.189
32.61,-109.873
38.446,-92.139
32.888,-90.885
42.465,-92.635
36.626,-111.382
34.735,-113.656
37.22,-108.6
31.456,-84.497
31.521,-91.487
33.787,-117.159
36.731,-81.54
38.129,-89.088
46.969,-105.887
41.689,-92.824
29.477,-90.372
42.555,-111.503
48.059,-119.736
40.147,-107.871
33.677,-94.488
32.052,-111.189
36.831,-97.151
35.604,-79.601
47.61,-107.962
43.274,-76.603
48.584,-112.519
36.948,-112.01
33.539,-102.055
35.957,-79.242
35.652,-90.816
44.394,-122.877
39.957,-111.744
39.081,-116.135
31.305,-86.174
43.432,-92.279
36.984,-82.04
38.394,-79.616
42.563,-113.171
30.878,-85.851
30.581,-87.15
47.356,-122.791
46.327,-91.139
31.672,-104.961
39.216,-100.309
33.147,-85.532
42.59,-73.3
36.705,-83.199
42.581,-75.908
30.46,-88.293
32.103,-82.977
33.796,-87.541
33.112,-82.14
41.052,-84.377
39.238,-77.673
48.651,-96.07
43.146,-82.457
35.475,-112.619
48.129,-116.396
34.502,-78.113
44.703,-87.551
40.145,-93.762
40.972,-100.428
37.442,-91.369
31.535,-105.454
40.226,-116.499
40.356,-110.821
32.216,-85.15
40.227,-87.997
38.145,-108.214
41.616,-120.896
37.718,-95.92
30.602,-90.915
45.321,-101.693
42.974,-103.885
37.197,-75.991
42.694,-122.74
43.872,-121.846
32.475,-103.383
33.388,-108.185
42.553,-108.485
34.573,-96.453
37.59,-93.156
41.714,-117.899
45.084,-104.635
37.647,-89.276
31.604,-96.561
39.037,-99.732
41.433,-90.782
46.583,-87.917
47.735,-92.648
38.862,-80.212
29.757,-103.741
42.159,-122.35
25.404,-80.504
37.561,-111.877
46.506,-90.645
43.766,-122.432
36.628,-85.684
40.276,-119.325
36.196,-76.01
33.91,-85.156
39.093,-116.718
40.205,-99.944
44.307,-68.658
27.664,-80.548
44.595,-84.463
32.971,-98.383
47.851,-124.566
35.772,-105.896
46.467,-69.935
45.955,-85.624
30.283,-85.931
33.977,-97.105
37.438,-100.747
30.801,-101.079
42.937,-99.969
39.257,-118.808
42.544,-106.078
36.192,-83.022
48.154,-113.726
30.81,-95.802
45.076,-114.54
42.325,-79.325
39.7,-106.065
41.597,-104.007
44.135,-83.625
30.289,-93.682
42.679,-117.479
42.514,-115.132
44.792,-75.31
44.123,-84.708
42.429,-119.076
41.229,-101.47
32.98,-97.865
34.974,-112.634
30.196,-83.936
47.25,-120.395
45.214,-87.948
34.968,-120.672
33.984,-103.013
37.328,-81.55
33.93,-103.928
40.422,-112.006
32.409,-104.407
43.157,-107.09
41.42,-94.157
32.861,-98.896
37.641,-111.196
43.182,-123.902
40.932,-75.544
38.645,-102.381
46.361,-121.496
44.742,-90.493
31.87,-98.857
32.356,-92.719
40.101,-77.425
31.948,-92.354
36.636,-84.586
41.823,-103.444
47.02,-121.795
34.144,-86.839
37.46,-102.545
35.097,-85.106
32.196,-101.047
41.433,-120.216
33.467,-93.711
47.034,-122.303
39.864,-94.773
42.222,-106.474
34.851,-77.753
47.459,-117.648
48.545,-94.418
45.166,-111.086
39.045,-113.531
32.885,-108.231
41.543,-80.279
38.603,-78.137
48.23,-104.458
48.923,-111.102
45.268,-89.036
40.493,-87.529
36.966,-108.138
35.526,-82.335
38.787,-109.754
48.889,-100.227
41.723,-96.651
47.755,-98.187
45.583,-69.521
26.072,-98.06
33.682,-95.01
36.764,-87.584
27.338,-81.949
39.919,-112.897
45.405,-84.777
31.373,-93.142
36.947,-91.265
45.997,-86.253
40.631,-122.907
41.973,-105.837
33.079,-83.716
43.905,-113.556
48.008,-118.029
37.195,-98.943
33.461,-88.495
45.988,-115.962
41.115,-117.239
34.248,-111.261
42.127,-74.842
30.287,-98.423
42.865,-123.441
39.851,-109.981
47.284,-111.649
45.434,-103.586
33.891,-117.727
38.936,-87.73
30.129,-100.411
37.656,-84.969
45.295,-111.752
42.182,-93.095
26.579,-81.602
42.647,-114.107
43.809,-91.798
32.315,-91.438
44.707,-102.409
33.956,-93.433
44.716,-99.004
32.861,-82.58
45.632,-111.365
44.803,-85.981
41.255,-83.308
31.643,-109.563
35.48,-91.5
35.698,-92.158
32.854,-92.826
35.941,-103.347
40.34,-98.222
42.195,-116.701
39.892,-87.32
30.11,-95.306
44.457,-101.302
46.804,-105.376
45.464,-108.946
47.28,-96.714
47.845,-93.295
40.422,-104.005
47.672,-96.394
45.208,-123.419
40.194,-78.13
27.986,-98.231
43.872,-122.956
41.654,-100.476
37.277,-105.564
31.693,-94.274
30.97,-105.003
39.048,-122.681
31.306,-95.548
42.298,-78.275
40.936,-111.841
45.074,-120.126
41.45,-75.674
38.871,-88.304
45.886,-110.794
32.899,-100.837
46.011,-117.265
36.495,-92.522
33.803,-106.938
46.828,-113.151
46.329,-123.963
45.417,-94.188
40.691,-116.058
44.901,-99.478
40.721,-88.08
44.436,-93.756
37.269,-83.924
44.76,-113.023
34.551,-82.525
34.745,-108.555
45.365,-70.595
39.257,-108.994
35.46,-95.789
40.935,-73.004
32.476,-111.798
27.369,-98.814
43.156,-83.672
36.207,-106.64
43.522,-100.007
46.138,-68.106
47.074,-93.975
27.696,-82.373
37.566,-76.444
39.299,-109.575
39.376,-80.375
35.185,-83.883
45.104,-122.883
42.226,-84.306
38.308,-121.795
37.397,-110.722
38.693,-78.827
44.554,-109.216
40.639,-97.798
41.676,-116.829
32.174,-101.558
30.782,-98.564
38.15,-102.473
40.93,-90.387
44.286,-116.017
34.244,-108.598
39.939,-93.196
35.557,-95.252
48.478,-116.018
48.552,-96.565
47.562,-119.023
30.909,-82.17
32.646,-114.191
27.282,-98.211
47.92,-99.828
47.468,-104.02
36.782,-114.052
44.348,-74.993
41.563,-104.593
34.17,-84.719
44.681,-91.582
35.199,-91.918
37.393,-107.799
31.887,-87.249
40.28,-109.638
40.648,-96.93
44.339,-98.216
36.3,-110.759
45.212,-122.284
45.163,-67.274
28.586,-98.37
45.261,-100.593
43.405,-78.411
42.847,-120.784
37.841,-81.719
44.293,-123.951
44.177,-88.702
32.983,-116.522
44.94,-96.376
46.689,-68.333
31.789,-112.425
33.922,-112.254
47.276,-114.438
35.962,-100.781
28.497,-97.758
47.25,-68.054
38.271,-75.806
44.337,-101.907
41.088,-102.481
34.319,-78.964
31.395,-105.945
40.524,-122.41
35.67,-80.13
39.145,-114.278
28.952,-99.73
42.224,-109.917
34.189,-110.05
42.858,-89.76
48.272,-114.433
34.663,-94.467
35.696,-87.849
44.722,-104.116
39.345,-111.02
36.912,-78.169
41.809,-123.12
43.54,-119.036
43.186,-95.762
35.55,-114.274
38.736,-119.493
46.62,-100.861
31.25,-99.718
44.801,-74.672
46.172,-69.411
38.536,-110.268
36.259,-107.194
38.166,-119.288
47.926,-112.16
47.78,-116.769
35.159,-97.257
