,site.latitude (deg),site.longitude (deg),iron_transport.latitude (deg),iron_transport.longitude (deg),finance_subgroup_sponge_iron.LCOS (USD/kg)
0,39.179,-94.644,39.179,-94.644,0.6942180285577304
1,40.639,-94.179,40.639,-94.179,0.6156708850184966
2,42.135,-74.231,42.135,-74.231,0.8128352779697012
3,39.836,-86.466,39.836,-86.466,0.7416267797724374
4,44.836,-72.268,44.836,-72.268,0.9639058293018469
5,43.297,-83.034,43.297,-83.034,0.7123123006080717
6,41.522,-97.383,41.522,-97.383,0.6634771922909393
7,43.745,-75.672,43.745,-75.672,0.7921089694186071
8,40.915,-93.153,40.915,-93.153,0.6103799561049892
9,45.619,-97.165,45.619,-97.165,0.6746002180543567
10,38.376,-93.262,38.376,-93.262,0.7021924152611281
11,38.785,-86.901,38.785,-86.901,0.7518438082576445
12,38.792,-95.074,38.792,-95.074,0.7168839241507413
13,40.062,-96.921,40.062,-96.921,0.6774963822628536
14,42.581,-74.531,42.581,-74.531,0.8077892941845711
15,38.181,-90.2,38.181,-90.2,0.790339958463904
16,40.223,-92.752,40.223,-92.752,0.6780533303694871
17,42.086,-89.986,42.086,-89.986,0.7416213078697933
18,40.62,-89.979,40.62,-89.979,0.7598819985010272
19,40.636,-76.972,40.636,-76.972,0.8494521129687465
20,42.951,-86.133,42.951,-86.133,0.691738857471973
21,39.202,-87.27,39.202,-87.27,0.7454352037367076
22,38.203,-77.393,38.203,-77.393,0.8545887056259684
23,43.868,-95.759,43.868,-95.759,0.7020250614983697
24,42.812,-85.552,42.812,-85.552,0.6969766810361323
25,38.52,-87.36,38.52,-87.36,0.7532122734741222
26,42.11,-97.1,42.11,-97.1,0.6557090706627997
27,38.254,-89.635,38.254,-89.635,0.7904016088788455
28,44.643,-83.831,44.643,-83.831,0.6977359033140095
29,44.928,-94.048,44.928,-94.048,0.6814650563587187
30,44.638,-97.764,44.638,-97.764,0.684918529417475
31,45.4,-93.094,45.4,-93.094,0.6716829807551133
32,42.872,-78.108,42.872,-78.108,0.7754419404387578
33,42.664,-77.255,42.664,-77.255,0.7838936935608961
34,38.894,-83.34,38.894,-83.34,0.7839731295805679
35,41.968,-75.805,41.968,-75.805,0.850310841461997
36,39.168,-93.795,39.168,-93.795,0.6927384752325787
37,44.997,-89.535,44.997,-89.535,0.657857870653337
38,42.003,-97.985,42.003,-97.985,0.6620150719564531
39,40.301,-83.642,40.301,-83.642,0.7679127081684679
40,42.211,-96.508,42.211,-96.508,0.6514079622779354
41,41.913,-94.733,41.913,-94.733,0.6014933111111581
42,40.119,-76.833,40.119,-76.833,0.8544041112351521
43,46.295,-97.814,46.295,-97.814,0.6333514318854067
44,41.415,-84.014,41.415,-84.014,0.7548887772897788
45,40.169,-88.725,40.169,-88.725,0.768931667337183
46,41.603,-93.416,41.603,-93.416,0.6019954255691468
47,44.258,-96.218,44.258,-96.218,0.701398978637792
48,42.783,-75.227,42.783,-75.227,0.8006854331964293
49,43.47,-94.398,43.47,-94.398,0.581765647077215
50,46.891,-96.389,46.891,-96.389,0.6901327077819516
51,44.308,-85.91,44.308,-85.91,0.6826052119869498
52,42.469,-73.805,42.469,-73.805,0.8146866880042615
53,38.72,-77.532,38.72,-77.532,0.8490643049025637
54,46.819,-91.258,46.819,-91.258,0.6329381644503127
55,39.284,-88.681,39.284,-88.681,0.7798966302009421
56,40.095,-74.638,40.095,-74.638,1.00999510528165
57,39.765,-83.169,39.765,-83.169,0.7762083898666301
58,43.478,-90.607,43.478,-90.607,0.6699548194611541
59,40.846,-95.916,40.846,-95.916,0.6641570587758618
60,41.48,-92.247,41.48,-92.247,0.6024594627137951
61,46.557,-92.397,46.557,-92.397,0.6557688635694593
62,42.796,-96.513,42.796,-96.513,0.5996831690070528
63,41.196,-84.939,41.196,-84.939,0.7356908228197002
64,41.301,-89.914,41.301,-89.914,0.7515320534778259
65,38.735,-89.447,38.735,-89.447,0.7847350615559486
66,44.564,-90.973,44.564,-90.973,0.6555879166471275
67,43.399,-84.233,43.399,-84.233,0.7021031772623555
68,40.403,-92.166,40.403,-92.166,0.675505151776748
69,38.862,-93.101,38.862,-93.101,0.6958086944539119
70,41.717,-88.398,41.717,-88.398,0.7517532466182256
71,44.056,-72.423,44.056,-72.423,0.9653823313018125
72,45.586,-87.582,45.586,-87.582,0.6614432462807609
73,44.721,-93.281,44.721,-93.281,0.6803669113161971
74,40.227,-85.106,40.227,-85.106,0.7445347096790356
75,41.763,-76.475,41.763,-76.475,0.8459079064322841
76,42.45,-92.039,42.45,-92.039,0.5899426311333744
77,44.037,-76.354,44.037,-76.354,0.7848505430607877
78,46.887,-94.784,46.887,-94.784,0.6759463664114277
79,41.138,-95.478,41.138,-95.478,0.613430876007125
80,39.732,-78.404,39.732,-78.404,0.8451390768801317
81,39.719,-84.904,39.719,-84.904,0.7510478521317026
82,44.144,-86.399,44.144,-86.399,0.6799815570452878
83,42.875,-88.104,42.875,-88.104,0.6875232386361281
84,40.064,-81.224,40.064,-81.224,0.7865930294707909
85,43.156,-73.707,43.156,-73.707,0.8120593804584301
86,43.033,-74.216,43.033,-74.216,0.8082053815849322
87,41.233,-96.938,41.233,-96.938,0.6642973824852496
88,38.794,-95.637,38.794,-95.637,0.7183987180249771
89,41.927,-73.545,41.927,-73.545,0.8199335998437547
90,39.255,-82.984,39.255,-82.984,0.7824614450461156
91,39.637,-92.782,39.637,-92.782,0.6856055798222993
92,42.26,-72.505,42.26,-72.505,1.2301819818624784
93,38.14,-78.404,38.14,-78.404,0.8477470488372293
94,43.142,-77.107,43.142,-77.107,0.7825466105947374
95,43.693,-91.197,43.693,-91.197,0.6659053108251448
96,43.741,-93.021,43.741,-93.021,0.6917883302698155
97,45.056,-91.087,45.056,-91.087,0.6492778639616277
98,45.429,-90.586,45.429,-90.586,0.6473458651784831
99,40.462,-76.435,40.462,-76.435,0.8550767282951213
100,39.384,-78.788,39.384,-78.788,0.767972136882528
101,39.28,-75.199,39.28,-75.199,1.0114634437799077
102,43.282,-96.668,43.282,-96.668,0.688126439401292
103,38.31,-81.476,38.31,-81.476,0.7591055293652729
104,42.308,-75.389,42.308,-75.389,0.801890990402562
105,38.09,-93.692,38.09,-93.692,0.7063418538203837
106,45.655,-91.509,45.655,-91.509,0.6406925141154813
107,45.214,-93.571,45.214,-93.571,0.6759472682770704
108,45.13,-97.311,45.13,-97.311,0.6782718618660479
109,46.687,-94.308,46.687,-94.308,0.6717300819934766
110,41.132,-94.603,41.132,-94.603,0.6106200830465314
111,39.576,-75.832,39.576,-75.832,0.9573279707281306
112,38.181,-76.546,38.181,-76.546,0.9631063014443114
113,43.921,-89.498,43.921,-89.498,0.6690502782174965
114,41.044,-81.142,41.044,-81.142,0.7787893406866162
115,40.689,-84.735,40.689,-84.735,0.7571904396573499
116,46.452,-87.296,46.452,-87.296,0.6611170433065363
117,39.151,-84.003,39.151,-84.003,0.7773884818174428
118,42.183,-79.815,42.183,-79.815,0.8154649408717412
119,38.229,-79.09,38.229,-79.09,0.8420299654623622
120,41.2,-81.696,41.2,-81.696,0.7733550117301654
121,42.78,-72.612,42.78,-72.612,0.9694419519760665
122,41.398,-80.761,41.398,-80.761,0.7788670592976711
123,40.833,-79.277,40.833,-79.277,0.8295872975416014
124,40.979,-76.57,40.979,-76.57,0.8503078542860196
125,39.553,-88.223,39.553,-88.223,0.7780829181010818
126,42.498,-94.721,42.498,-94.721,0.594445229103225
127,42.955,-92.758,42.955,-92.758,0.5838204911115819
128,43.395,-72.683,43.395,-72.683,0.9658955758305511
129,44.34,-88.065,44.34,-88.065,0.6734971722296287
130,40.009,-89.462,40.009,-89.462,0.7687601448920236
131,39.417,-86.099,39.417,-86.099,0.7481184339665734
132,38.024,-87.285,38.024,-87.285,0.7594501793276764
133,41.321,-76.165,41.321,-76.165,0.8513575128592887
134,41.428,-95.036,41.428,-95.036,0.6083745276389666
135,39.597,-81.475,39.597,-81.475,0.7890890621025326
136,41.496,-86.362,41.496,-86.362,0.7240853415575532
137,42.894,-90.659,42.894,-90.659,0.6770726138499852
138,42.209,-95.172,42.209,-95.172,0.5995985106400923
139,40.386,-79.688,40.386,-79.688,0.8299721128238755
140,41.225,-97.815,41.225,-97.815,0.6690080426919388
141,43.101,-88.679,43.101,-88.679,0.68208841137869
142,46.066,-92.269,46.066,-92.269,0.6346432728666701
143,45.91,-90.383,45.91,-90.383,0.6442893381129233
144,43.227,-75.538,43.227,-75.538,0.795717597862399
145,39.397,-91.23,39.397,-91.23,0.6888023926486971
146,46.698,-85.008,46.698,-85.008,0.681123756601745
147,45.715,-94.651,45.715,-94.651,0.6785930311947056
148,41.506,-82.813,41.506,-82.813,0.7625594026771626
149,38.304,-95.361,38.304,-95.361,0.7237002443305179
150,41.931,-91.037,41.931,-91.037,0.5973770436353545
151,40.544,-84.178,40.544,-84.178,0.7621076097509308
152,45.835,-91.022,45.835,-91.022,0.6407910848198958
153,39.502,-74.69,39.502,-74.69,1.0138925194328123
154,43.939,-72.942,43.939,-72.942,0.9612669837364758
155,40.148,-75.65,40.148,-75.65,0.863753107185814
156,38.306,-95.919,38.306,-95.919,0.7252458986277346
157,41.198,-92.702,41.198,-92.702,0.6063070321883253
158,39.353,-93.221,39.353,-93.221,0.6896301087244538
159,44.837,-72.907,44.837,-72.907,0.9582385468308463
160,43.11,-72.172,43.11,-72.172,1.1420515244321818
161,46.146,-91.63,46.146,-91.63,0.6344342608163098
162,39.967,-96.347,39.967,-96.347,0.7066261398262978
163,39.274,-97.619,39.274,-97.619,0.7200696780045355
164,43.562,-86.491,43.562,-86.491,0.6839311544237907
165,41.271,-75.133,41.271,-75.133,0.8603410978691124
166,43.286,-85.319,43.286,-85.319,0.6946918450377415
167,42.129,-88.793,42.129,-88.793,0.7453110861662271
168,44.621,-89.886,44.621,-89.886,0.6595345278487522
169,42.207,-90.569,42.207,-90.569,0.5947119312496947
170,46.499,-95.111,46.499,-95.111,0.6790827058633586
171,40.758,-87.057,40.758,-87.057,0.7284121989890475
172,39.281,-95.209,39.281,-95.209,0.7111619146345984
173,41.723,-95.473,41.723,-95.473,0.6064987981346952
174,40.707,-92.583,40.707,-92.583,0.6125427514399071
175,40.374,-82.319,40.374,-82.319,0.7760821604014314
176,41.971,-92.366,41.971,-92.366,0.59617006061935
177,40.181,-84.535,40.181,-84.535,0.7635576865058141
178,42.24,-76.323,42.24,-76.323,0.7942974616809793
179,40.26,-95.917,40.26,-95.917,0.6711175651749827
180,45.441,-88.545,45.441,-88.545,0.6615734713231971
181,41.361,-72.544,41.361,-72.544,1.181753265050505
182,43.881,-74.532,43.881,-74.532,0.8015318228308876
183,46.375,-93.045,46.375,-93.045,0.6618457379168103
184,39.137,-85.003,39.137,-85.003,0.756787375412864
185,38.756,-81.946,38.756,-81.946,0.7516482510584355
186,42.59,-72.069,42.59,-72.069,1.2322698000986905
187,43.181,-97.27,43.181,-97.27,0.6929366625548272
188,41.458,-91.515,41.458,-91.515,0.6029290506797114
189,39.967,-95.487,39.967,-95.487,0.703560623100209
190,41.804,-77.515,41.804,-77.515,0.8369404283560358
191,45.497,-89.795,45.497,-89.795,0.6517530430864116
192,44.925,-74.149,44.925,-74.149,0.8009879958556064
193,43.338,-89.56,43.338,-89.56,0.6753282881416289
194,43.168,-90.182,43.168,-90.182,0.6750178958330226
195,41.631,-76.967,41.631,-76.967,0.8426332294333088
196,46.413,-88.42,46.413,-88.42,0.6512592208304571
197,40.054,-97.782,40.054,-97.782,0.6815927857184085
198,43.846,-87.977,43.846,-87.977,0.6785329625034209
199,38.041,-80.831,38.041,-80.831,0.7659612427157281
200,40.263,-86.981,40.263,-86.981,0.734361981874782
201,41.287,-77.37,41.287,-77.37,0.8415999301190801
202,42.585,-90.237,42.585,-90.237,0.68198590199606
203,40.654,-90.846,40.654,-90.846,0.7578836364236446
204,40.577,-81.398,40.577,-81.398,0.7808296077766759
205,46.361,-84.431,46.361,-84.431,0.6866329797863486
206,44.053,-97.747,44.053,-97.747,0.6889087695158503
207,40.592,-75.951,40.592,-75.951,0.8581056908573815
208,39.147,-79.282,39.147,-79.282,0.7663748603882956
209,38.644,-76.981,38.644,-76.981,0.9558554998086816
210,42.699,-95.913,42.699,-95.913,0.5974546874798727
211,40.276,-80.446,40.276,-80.446,0.8251955398700673
212,46.002,-94.17,46.002,-94.17,0.6729912601675403
213,43.769,-95.151,43.769,-95.151,0.6995562489830305
214,42.828,-83.285,42.828,-83.285,0.7136505252800347
215,42.306,-85.339,42.306,-85.339,0.7029566243048504
216,45.817,-96.539,45.817,-96.539,0.6936126581977181
217,40.981,-72.087,40.981,-72.087,0.838095370896551
218,43.651,-84.949,43.651,-84.949,0.694718094674269
219,41.872,-78.847,41.872,-78.847,0.8254846225183361
220,46.915,-88.676,46.915,-88.676,0.648612250679929
221,39.504,-82.503,39.504,-82.503,0.7830701367434778
222,43.257,-93.195,43.257,-93.195,0.5806694389240359
223,44.479,-73.84,44.479,-73.84,0.805274193869824
224,42.826,-91.565,42.826,-91.565,0.5853171719065204
225,44.842,-88.309,44.842,-88.309,0.6676321201600823
226,38.398,-82.306,38.398,-82.306,0.7529765877333521
227,38.559,-92.694,38.559,-92.694,0.699415403176585
228,38.871,-90.281,38.871,-90.281,0.6966585798187653
229,40.71,-78.279,40.71,-78.279,0.8384025209605244
230,39.423,-92.081,39.423,-92.081,0.6881272128864951
231,38.36,-87.942,38.36,-87.942,0.7935181117100368
232,41.354,-82.253,41.354,-82.253,0.7679436429957034
233,46.891,-95.586,46.891,-95.586,0.6830342480017068
234,38.215,-83.47,38.215,-83.47,0.6916009359302263
235,46.464,-89.532,46.464,-89.532,0.6413733358813561
236,40.153,-94.337,40.153,-94.337,0.6813038381691154
237,43.952,-93.927,43.952,-93.927,0.6918351377157153
238,41.477,-79.7,41.477,-79.7,0.8213858718850214
239,44.209,-87.467,44.209,-87.467,0.6787930119036495
240,45.683,-92.608,45.683,-92.608,0.6402051649568032
241,38.781,-85.488,38.781,-85.488,0.7582573831555276
242,38.312,-91.028,38.312,-91.028,0.7028988786113725
243,38.394,-94.381,38.394,-94.381,0.7035683218192101
244,39.663,-79.437,39.663,-79.437,0.9286904151765893
245,39.766,-97.345,39.766,-97.345,0.7131799590730432
246,41.456,-87.252,41.456,-87.252,0.7197013566393249
247,42.671,-84.974,42.671,-84.974,0.7022764188710131
248,43.626,-83.423,43.626,-83.423,0.7070029191413769
249,39.601,-76.697,39.601,-76.697,0.9502507708376806
250,40.484,-91.583,40.484,-91.583,0.6154117959844587
251,43.058,-78.818,43.058,-78.818,0.76835114595373
252,39.774,-85.614,39.774,-85.614,0.746595647653018
253,44.738,-85.058,44.738,-85.058,0.6869189117044436
254,42.697,-95.315,42.697,-95.315,0.5945868062206441
255,43.318,-91.681,43.318,-91.681,0.57890458317857
256,45.329,-96.691,45.329,-96.691,0.6720685183175629
257,38.641,-83.814,38.641,-83.814,0.6851032130088236
258,43.979,-84.119,43.979,-84.119,0.6991041546207064
259,38.273,-85.287,38.273,-85.287,0.6813983093414957
260,45.957,-87.211,45.957,-87.211,0.6630926654942051
261,44.231,-93.15,44.231,-93.15,0.6859505230320406
262,42.148,-77.109,42.148,-77.109,0.7881872711452466
263,40.732,-81.948,40.732,-81.948,0.7754994801919077
264,39.755,-77.816,39.755,-77.816,0.8494879016585082
265,42.672,-93.222,42.672,-93.222,0.5881086924887181
266,40.894,-83.673,40.894,-83.673,0.762027472716711
267,44.221,-75.509,44.221,-75.509,0.7915217938761276
268,38.896,-84.476,38.896,-84.476,0.6786752569187685
269,46.089,-87.827,46.089,-87.827,0.6573073417347362
270,40.746,-83.117,40.746,-83.117,0.7671674613136901
271,41.954,-91.775,41.954,-91.775,0.5963992930357451
272,43.576,-96.216,43.576,-96.216,0.7076679552821298
273,45.628,-86.63,45.628,-86.63,0.6693400619067358
274,46.495,-97.342,46.495,-97.342,0.6288417142878867
275,46.388,-93.84,46.388,-93.84,0.668308618051557
276,45.12,-90.146,45.12,-90.146,0.6529554923552668
277,43.425,-85.904,43.425,-85.904,0.6892813502975716
278,39.278,-90.671,39.278,-90.671,0.7756843118868053
279,46.537,-85.52,46.537,-85.52,0.6767373654863682
280,40.892,-89.516,40.892,-89.516,0.7576676212748582
281,44.93,-73.509,44.93,-73.509,0.8066432276056149
282,45.172,-91.701,45.172,-91.701,0.6463065373716124
283,41.191,-87.728,41.191,-87.728,0.7607534658760611
284,42.979,-97.867,42.979,-97.867,0.6987571025155631
285,44.775,-88.939,44.775,-88.939,0.6637675817126544
286,45.032,-94.666,45.032,-94.666,0.6841533892517075
287,43.964,-96.675,43.964,-96.675,0.6818979151032222
288,40.354,-94.908,40.354,-94.908,0.680261833915546
289,44.544,-94.523,44.544,-94.523,0.6880424977569888
290,38.931,-91.97,38.931,-91.97,0.6944707137577135
291,41.453,-73.717,41.453,-73.717,0.8212475576753424
292,40.27,-85.678,40.27,-85.678,0.7408766038305186
293,43.489,-73.271,43.489,-73.271,0.8143434910510232
294,41.556,-81.317,41.556,-81.317,0.7733476581389218
295,39.044,-92.528,39.044,-92.528,0.6930982902859065
296,46.046,-88.944,46.046,-88.944,0.6550528691557747
297,41.013,-79.969,41.013,-79.969,0.8227943623148322
298,40.552,-95.483,40.552,-95.483,0.679657463670645
299,39.52,-87.656,39.52,-87.656,0.7805413694478478
300,46.499,-96.705,46.499,-96.705,0.6931725792612244
301,41.56,-84.578,41.56,-84.578,0.749742494381166
302,44.843,-95.755,44.843,-95.755,0.6932723718979983
303,43.462,-93.792,43.462,-93.792,0.5796680932264582
304,45.873,-89.439,45.873,-89.439,0.6518169735860739
305,39.944,-76.301,39.944,-76.301,0.8599938588971769
306,39.134,-80.863,39.134,-80.863,0.7552423567476582
307,38.582,-93.815,38.582,-93.815,0.7002326386321189
308,42.32,-77.663,42.32,-77.663,0.7824644033335737
309,40.177,-91.172,40.177,-91.172,0.7636148862343828
310,42.503,-88.451,42.503,-88.451,0.6898038575603893
311,42.973,-93.659,42.973,-93.659,0.5852919571999284
312,39.938,-90.043,39.938,-90.043,0.7683276495700562
313,42.941,-92.158,42.941,-92.158,0.5836171111881654
314,40.973,-78.796,40.973,-78.796,0.8323163369594944
315,41.816,-86.757,41.816,-86.757,0.6989110862362448
316,46.774,-93.505,46.774,-93.505,0.6645789087220327
317,42.291,-93.685,42.291,-93.685,0.5938524079098872
318,40.63,-93.6,40.63,-93.6,0.6146553836997165
319,46.3,-94.637,46.3,-94.637,0.6754588058279546
320,45.891,-93.227,45.891,-93.227,0.6671105580846981
321,45.331,-95.91,45.331,-95.91,0.6909465887168617
322,45.66,-84.253,45.66,-84.253,0.6898801359048436
323,43.238,-74.916,43.238,-74.916,0.8010885440885618
324,40.734,-85.311,40.734,-85.311,0.738071833363867
325,41.714,-85.292,41.714,-85.292,0.7284098703419919
326,38.277,-84.162,38.277,-84.162,0.6871059831346813
327,38.827,-82.643,38.827,-82.643,0.7889102383791041
328,44.072,-90.861,44.072,-90.861,0.6619377656060159
329,41.864,-86.008,41.864,-86.008,0.702846554030789
330,39.863,-82.138,39.863,-82.138,0.7820646385049629
331,44.355,-95.604,44.355,-95.604,0.6964261594358993
332,43.922,-92.401,43.922,-92.401,0.6886424411700802
333,38.881,-94.228,38.881,-94.228,0.6971177946921572
334,42.211,-95.766,42.211,-95.766,0.602147888585272
335,39.919,-92.338,39.919,-92.338,0.6817697808721641
336,42.589,-94.122,42.589,-94.122,0.5913240412282064
337,41.118,-74.137,41.118,-74.137,0.8197529791851368
338,42.359,-89.512,42.359,-89.512,0.7398139270632109
339,46.684,-90.148,46.684,-90.148,0.6355771952021703
340,43.792,-85.536,43.792,-85.536,0.6891663172840461
341,41.782,-78.122,41.782,-78.122,0.8320525148053683
342,41.789,-75.26,41.789,-75.26,0.8560288080511488
343,46.012,-95.276,46.012,-95.276,0.6820452417374359
344,41.409,-79.123,41.409,-79.123,0.8264927535186399
345,40.236,-82.929,40.236,-82.929,0.7732147531002551
346,43.405,-76.097,43.405,-76.097,0.7899787653779228
347,40.937,-97.37,40.937,-97.37,0.6697399607344701
348,43.863,-97.284,43.863,-97.284,0.6870256874801663
349,42.465,-78.833,42.465,-78.833,0.7717543423718807
350,38.64,-84.945,38.64,-84.945,0.6789891792148446
351,44.806,-92.658,44.806,-92.658,0.6512680606656481
352,43.201,-91.085,43.201,-91.085,0.6723318044757934
353,44.3,-91.917,44.3,-91.917,0.6572991256488214
354,40.22,-81.77,40.22,-81.77,0.7813203893086549
355,45.703,-93.708,45.703,-93.708,0.6718780106028698
356,45.523,-95.126,45.523,-95.126,0.6835524202928589
357,45.036,-95.288,45.036,-95.288,0.6883738697619369
358,45.067,-84.214,45.067,-84.214,0.6924654209284073
359,39.513,-83.649,39.513,-83.649,0.7757413734953278
360,46.638,-91.752,46.638,-91.752,0.6288963629443056
361,40.967,-91.404,40.967,-91.404,0.6093206983507644
362,42.695,-97.11,42.695,-97.11,0.649809571407777
363,46.317,-86.678,46.317,-86.678,0.6668195148541591
364,39.278,-85.55,39.278,-85.55,0.7523925378692851
365,45.259,-87.002,45.259,-87.002,0.6751520129307342
366,45.913,-83.725,45.913,-83.725,0.6938075805007438
367,38.913,-91.406,38.913,-91.406,0.6948996413039091
368,43.752,-90.126,43.752,-90.126,0.6682290325573128
369,42.273,-83.698,42.273,-83.698,0.7148696263429235
370,46.579,-86.154,46.579,-86.154,0.6710707333229616
371,43.512,-89.086,43.512,-89.086,0.6755632427127409
372,46.882,-97.672,46.882,-97.672,0.6315001053626534
373,39.654,-93.636,39.654,-93.636,0.6863094175400206
374,39.467,-94.212,39.467,-94.212,0.689676711078408
375,40.352,-97.358,40.352,-97.358,0.6761882996642496
376,42.185,-86.404,42.185,-86.404,0.6972328941444755
377,42.678,-82.712,42.678,-82.712,0.71922127683346
378,41.021,-86.58,41.021,-86.58,0.7279312953516113
379,44.356,-74.359,44.356,-74.359,0.8011443497525902
380,39.575,-84.355,39.575,-84.355,0.7708974682560064
381,38.941,-86.313,38.941,-86.313,0.7525495434847136
382,38.795,-90.851,38.795,-90.851,0.6968778682630867
383,41.65,-88.996,41.65,-88.996,0.7501469733788602
384,42.068,-84.783,42.068,-84.783,0.7089026405777553
385,39.351,-81.961,39.351,-81.961,0.7881237326768962
386,38.64,-76.265,38.64,-76.265,0.9613868978861101
387,40.553,-96.35,40.553,-96.35,0.6693564784261135
388,43.756,-75.045,43.756,-75.045,0.7975613400885758
389,46.087,-89.891,46.087,-89.891,0.6469579328654065
390,40.001,-91.759,40.001,-91.759,0.6807339717107985
391,40.397,-78.953,40.397,-78.953,0.8355308105475312
392,40.787,-86.032,40.787,-86.032,0.7334061387565536
393,44.058,-94.688,44.058,-94.688,0.6940515146846011
394,40.988,-92.13,40.988,-92.13,0.6087838543409733
395,42.727,-89.024,42.727,-89.024,0.6846479559137748
396,42.335,-91.451,42.335,-91.451,0.5917200196559186
397,38.392,-88.5,38.392,-88.5,0.7914220788786334
398,44.244,-90.231,44.244,-90.231,0.6620775936777406
399,43.469,-97.73,43.469,-97.73,0.6935034145027561
400,38.105,-94.806,38.105,-94.806,0.724869392469488
401,41.24,-85.519,41.24,-85.519,0.7316684384613896
402,39.257,-77.09,39.257,-77.09,0.9499263017742428
403,45.223,-83.711,45.223,-83.711,0.6961630180415717
404,39.81,-80.704,39.81,-80.704,0.7501943904445341
405,41.678,-89.583,41.678,-89.583,0.7478176443026285
406,44.798,-83.331,44.798,-83.331,0.7012548410606245
407,42.005,-94.139,42.005,-94.139,0.5985516595343505
408,46.403,-95.749,46.403,-95.749,0.6848924639706795
409,42.398,-97.551,42.398,-97.551,0.6554415460637749
410,39.842,-80.116,39.842,-80.116,0.8313595002125359
411,39.696,-89.064,39.696,-89.064,0.7737090156528644
412,44.743,-96.839,44.743,-96.839,0.6769499986654786
413,41.431,-95.915,41.431,-95.915,0.611732370156276
414,41.059,-88.915,41.059,-88.915,0.7575174360019774
415,38.728,-75.52,38.728,-75.52,0.8469179583581188
416,39.353,-90.096,39.353,-90.096,0.7756237905256493
417,45.818,-95.751,45.818,-95.751,0.6869295954899297
418,41.765,-83.501,41.765,-83.501,0.7205813179865397
419,41.709,-90.317,41.709,-90.317,0.6015141650543288
420,41.223,-88.31,41.223,-88.31,0.7578604397605946
421,45.123,-97.934,45.123,-97.934,0.6834695832643146
422,45.997,-84.822,45.997,-84.822,0.6839177707118607
423,39.098,-75.981,39.098,-75.981,0.9598819202909405
424,39.425,-89.52,39.425,-89.52,0.7759122293272873
425,43.656,-82.65,43.656,-82.65,0.713134970599934
426,44.4,-89.291,44.4,-89.291,0.6651126734614068
427,45.245,-85.279,45.245,-85.279,0.6825492482419502
428,39.863,-90.623,39.863,-90.623,0.7682838302770665
429,46.107,-97.017,46.107,-97.017,0.6267797794845198
430,42.806,-84.196,42.806,-84.196,0.7068667113551863
431,40.843,-95.045,40.843,-95.045,0.6154961686167154
432,44.448,-97.296,44.448,-97.296,0.6825600739958624
433,41.691,-72.115,41.691,-72.115,1.1835321826897722
434,38.804,-88.876,38.804,-88.876,0.7852760454648762
435,42.682,-76.639,42.682,-76.639,0.789060099344951
436,38.316,-85.843,38.316,-85.843,0.7618739789914301
437,38.073,-92.857,38.073,-92.857,0.7057584029302179
438,39.939,-84.001,39.939,-84.001,0.7692596292391511
439,44.265,-85.299,44.265,-85.299,0.687750834938248
440,38.003,-97.588,38.003,-97.588,0.7347933519697908
441,40.311,-86.251,40.311,-86.251,0.7373959557662426
442,44.548,-95.14,44.548,-95.14,0.6916626749776282
443,45.809,-97.642,45.809,-97.642,0.6779597678159288
444,42.446,-85.914,42.446,-85.914,0.6978294960653729
445,44.387,-73.241,44.387,-73.241,0.9568690516808737
446,40.942,-77.769,40.942,-77.769,0.8407802666465108
447,38.429,-91.58,38.429,-91.58,0.7010373700508974
448,39.12,-78.282,39.12,-78.282,0.8399996683948261
449,38.62,-80.697,38.62,-80.697,0.7612343745508234
450,38.493,-97.46,38.493,-97.46,0.7284877779485359
451,39.311,-79.815,39.311,-79.815,0.761045115155961
452,39.573,-86.934,39.573,-86.934,0.7424961022036389
453,46.208,-96.225,46.208,-96.225,0.6895451027825339
454,43.684,-88.609,43.684,-88.609,0.6762909541494735
455,40.58,-89.113,40.58,-89.113,0.7626885824583204
456,45.189,-92.324,45.189,-92.324,0.6459159815449917
457,43.144,-84.737,43.144,-84.737,0.7001515692169522
458,38.279,-86.69,38.279,-86.69,0.7586704207612338
459,45.919,-88.326,45.919,-88.326,0.6608388616845384
460,43.184,-95.159,43.184,-95.159,0.5883917743816399
461,38.466,-82.998,38.466,-82.998,0.6916928289276519
462,38.779,-81.23,38.779,-81.23,0.7561207950180471
463,41.321,-78.403,41.321,-78.403,0.8329301940328655
464,43.332,-77.817,43.332,-77.817,0.775435827349066
465,41.138,-96.353,41.138,-96.353,0.662604304745933
466,41.121,-93.728,41.121,-93.728,0.6086621253033566
467,40.995,-82.625,40.995,-82.625,0.7683460353005627
468,40.345,-90.438,40.345,-90.438,0.7624433060696131
469,39.674,-95.918,39.674,-95.918,0.7085545533514762
470,42.984,-94.561,42.984,-94.561,0.5880949894506137
471,43.353,-87.89,43.353,-87.89,0.6838330828687513
472,38.446,-92.139,38.446,-92.139,0.700713471332367
473,42.465,-92.635,42.465,-92.635,0.5899803083963031
474,38.129,-89.088,38.129,-89.088,0.7931611716022222
475,41.689,-92.824,41.689,-92.824,0.6001082272109672
476,43.274,-76.603,43.274,-76.603,0.7862276513655552
477,43.432,-92.279,43.432,-92.279,0.5773202276045666
478,38.394,-79.616,38.394,-79.616,0.83679633525291
479,46.327,-91.139,46.327,-91.139,0.6356486006647395
480,42.59,-73.3,42.59,-73.3,1.2215148203524808
481,42.581,-75.908,42.581,-75.908,0.7958985427785079
482,41.052,-84.377,41.052,-84.377,0.7558826636530751
483,39.238,-77.673,39.238,-77.673,0.8436229207046967
484,43.146,-82.457,43.146,-82.457,0.7179707889523599
485,44.703,-87.551,44.703,-87.551,0.6743253777623863
486,40.145,-93.762,40.145,-93.762,0.6802658335187001
487,40.227,-87.997,40.227,-87.997,0.7708333746094169
488,41.433,-90.782,41.433,-90.782,0.7480559921872607
489,46.583,-87.917,46.583,-87.917,0.6554408697897839
490,38.862,-80.212,38.862,-80.212,0.7622984978542836
491,46.506,-90.645,46.506,-90.645,0.6387641612776166
492,44.595,-84.463,44.595,-84.463,0.6926627981657454
493,45.955,-85.624,45.955,-85.624,0.6769701733429769
494,42.325,-79.325,42.325,-79.325,0.768559976415532
495,44.135,-83.625,44.135,-83.625,0.7022208397037267
496,44.792,-75.31,44.792,-75.31,0.7911525721888066
497,44.123,-84.708,44.123,-84.708,0.6934194411576381
498,45.214,-87.948,45.214,-87.948,0.6677414667664064
499,41.42,-94.157,41.42,-94.157,0.6058563304485547
500,40.932,-75.544,40.932,-75.544,0.8591286374165645
501,44.742,-90.493,44.742,-90.493,0.6552657401423669
502,40.101,-77.425,40.101,-77.425,0.8498271882415
503,39.864,-94.773,39.864,-94.773,0.6859677645001055
504,41.543,-80.279,41.543,-80.279,0.8163119525257949
505,38.603,-78.137,38.603,-78.137,0.8455599034196484
506,45.268,-89.036,45.268,-89.036,0.6590214321163677
507,40.493,-87.529,40.493,-87.529,0.7696465625174419
508,41.723,-96.651,41.723,-96.651,0.6574542111116509
509,45.405,-84.777,45.405,-84.777,0.6862082509429639
510,45.997,-86.253,45.997,-86.253,0.6713324055253433
511,42.127,-74.842,42.127,-74.842,0.8076225986984178
512,38.936,-87.73,38.936,-87.73,0.7872563508664002
513,42.182,-93.095,42.182,-93.095,0.5941290487409074
514,43.809,-91.798,43.809,-91.798,0.6900737317237451
515,44.803,-85.981,44.803,-85.981,0.6789181822612207
516,41.255,-83.308,41.255,-83.308,0.7612172947201448
517,39.892,-87.32,39.892,-87.32,0.7371305913704428
518,40.194,-78.13,40.194,-78.13,0.8435492708250081
519,42.298,-78.275,42.298,-78.275,0.7774614447437802
520,41.45,-75.674,41.45,-75.674,0.854637047370791
521,38.871,-88.304,38.871,-88.304,0.7861175878274307
522,45.417,-94.188,45.417,-94.188,0.6775716397273088
523,40.721,-88.08,40.721,-88.08,0.7646769316042388
524,44.436,-93.756,44.436,-93.756,0.6855132468885833
525,40.935,-73.004,40.935,-73.004,0.8305407210727098
526,43.156,-83.672,43.156,-83.672,0.7082357819610958
527,39.376,-80.375,39.376,-80.375,0.7564413082187726
528,42.226,-84.306,42.226,-84.306,0.7108526621433044
529,38.693,-78.827,38.693,-78.827,0.8397016501537481
530,40.639,-97.798,40.639,-97.798,0.6752137921781793
531,40.93,-90.387,40.93,-90.387,0.7551278415146945
532,39.939,-93.196,39.939,-93.196,0.6820983195237742
533,44.348,-74.993,44.348,-74.993,0.7955743757879282
534,44.681,-91.582,44.681,-91.582,0.652730866046914
535,40.648,-96.93,40.648,-96.93,0.6708210243086344
536,43.405,-78.411,43.405,-78.411,0.7699438751909476
537,44.177,-88.702,44.177,-88.702,0.6708289695712
538,44.94,-96.376,44.94,-96.376,0.6971955302471047
539,38.271,-75.806,38.271,-75.806,0.9680060056667613
540,42.858,-89.76,42.858,-89.76,0.6801826783313647
541,43.186,-95.762,43.186,-95.762,0.5914394483453689
542,44.801,-74.672,44.801,-74.672,0.7967693469410723
