site.latitude,site.longitude,iron_transport.latitude,iron_transport.longitude,ewin_grid_feedstock.price,grid_feedstock.price
39.179,-94.644,39.179,-94.644,0.0784,0
40.639,-94.179,40.639,-94.179,0.0636,0
42.135,-74.231,42.135,-74.231,0.0895,0
39.836,-86.466,39.836,-86.466,0.0895,0
44.836,-72.268,44.836,-72.268,0.126,0
43.297,-83.034,43.297,-83.034,0.0846,0
41.522,-97.383,41.522,-97.383,0.075,0
43.745,-75.672,43.745,-75.672,0.0895,0
40.915,-93.153,40.915,-93.153,0.0636,0
45.619,-97.165,45.619,-97.165,0.0867,0
38.376,-93.262,38.376,-93.262,0.0784,0
38.785,-86.901,38.785,-86.901,0.0895,0
38.792,-95.074,38.792,-95.074,0.0826,0
40.062,-96.921,40.062,-96.921,0.075,0
42.581,-74.531,42.581,-74.531,0.0895,0
38.181,-90.2,38.181,-90.2,0.0996,0
40.223,-92.752,40.223,-92.752,0.0784,0
42.086,-89.986,42.086,-89.986,0.0996,0
40.62,-89.979,40.62,-89.979,0.0996,0
40.636,-76.972,40.636,-76.972,0.102,0
42.951,-86.133,42.951,-86.133,0.0846,0
39.202,-87.27,39.202,-87.27,0.0895,0
38.203,-77.393,38.203,-77.393,0.0992,0
43.868,-95.759,43.868,-95.759,0.093,0
42.812,-85.552,42.812,-85.552,0.0846,0
38.52,-87.36,38.52,-87.36,0.0895,0
42.11,-97.1,42.11,-97.1,0.075,0
38.254,-89.635,38.254,-89.635,0.0996,0
44.643,-83.831,44.643,-83.831,0.0846,0
44.928,-94.048,44.928,-94.048,0.093,0
44.638,-97.764,44.638,-97.764,0.0867,0
45.4,-93.094,45.4,-93.094,0.093,0
42.872,-78.108,42.872,-78.108,0.0895,0
42.664,-77.255,42.664,-77.255,0.0895,0
38.894,-83.34,38.894,-83.34,0.0933,0
41.968,-75.805,41.968,-75.805,0.102,0
39.168,-93.795,39.168,-93.795,0.0784,0
44.997,-89.535,44.997,-89.535,0.0864,0
42.003,-97.985,42.003,-97.985,0.075,0
40.301,-83.642,40.301,-83.642,0.0933,0
42.211,-96.508,42.211,-96.508,0.075,0
41.913,-94.733,41.913,-94.733,0.0636,0
40.119,-76.833,40.119,-76.833,0.102,0
46.295,-97.814,46.295,-97.814,0.0755,0
41.415,-84.014,41.415,-84.014,0.0933,0
40.169,-88.725,40.169,-88.725,0.0996,0
41.603,-93.416,41.603,-93.416,0.0636,0
44.258,-96.218,44.258,-96.218,0.093,0
42.783,-75.227,42.783,-75.227,0.0895,0
43.47,-94.398,43.47,-94.398,0.0636,0
46.891,-96.389,46.891,-96.389,0.093,0
44.308,-85.91,44.308,-85.91,0.0846,0
42.469,-73.805,42.469,-73.805,0.0895,0
38.72,-77.532,38.72,-77.532,0.0992,0
46.819,-91.258,46.819,-91.258,0.0864,0
39.284,-88.681,39.284,-88.681,0.0996,0
40.095,-74.638,40.095,-74.638,0.1364,0
39.765,-83.169,39.765,-83.169,0.0933,0
43.478,-90.607,43.478,-90.607,0.0864,0
40.846,-95.916,40.846,-95.916,0.075,0
41.48,-92.247,41.48,-92.247,0.0636,0
46.557,-92.397,46.557,-92.397,0.093,0
42.796,-96.513,42.796,-96.513,0.0636,0
41.196,-84.939,41.196,-84.939,0.0895,0
41.301,-89.914,41.301,-89.914,0.0996,0
38.735,-89.447,38.735,-89.447,0.0996,0
44.564,-90.973,44.564,-90.973,0.0864,0
43.399,-84.233,43.399,-84.233,0.0846,0
40.403,-92.166,40.403,-92.166,0.0784,0
38.862,-93.101,38.862,-93.101,0.0784,0
41.717,-88.398,41.717,-88.398,0.0996,0
44.056,-72.423,44.056,-72.423,0.126,0
45.586,-87.582,45.586,-87.582,0.0846,0
44.721,-93.281,44.721,-93.281,0.093,0
40.227,-85.106,40.227,-85.106,0.0895,0
41.763,-76.475,41.763,-76.475,0.102,0
42.45,-92.039,42.45,-92.039,0.0636,0
44.037,-76.354,44.037,-76.354,0.0895,0
46.887,-94.784,46.887,-94.784,0.093,0
41.138,-95.478,41.138,-95.478,0.0636,0
39.732,-78.404,39.732,-78.404,0.102,0
39.719,-84.904,39.719,-84.904,0.0895,0
44.144,-86.399,44.144,-86.399,0.0846,0
42.875,-88.104,42.875,-88.104,0.0864,0
40.064,-81.224,40.064,-81.224,0.0933,0
43.156,-73.707,43.156,-73.707,0.0895,0
43.033,-74.216,43.033,-74.216,0.0895,0
41.233,-96.938,41.233,-96.938,0.075,0
38.794,-95.637,38.794,-95.637,0.0826,0
41.927,-73.545,41.927,-73.545,0.0895,0
39.255,-82.984,39.255,-82.984,0.0933,0
39.637,-92.782,39.637,-92.782,0.0784,0
42.26,-72.505,42.26,-72.505,0.1903,0
38.14,-78.404,38.14,-78.404,0.0992,0
43.142,-77.107,43.142,-77.107,0.0895,0
43.693,-91.197,43.693,-91.197,0.0864,0
43.741,-93.021,43.741,-93.021,0.093,0
45.056,-91.087,45.056,-91.087,0.0864,0
45.429,-90.586,45.429,-90.586,0.0864,0
40.462,-76.435,40.462,-76.435,0.102,0
39.384,-78.788,39.384,-78.788,0.0827,0
39.28,-75.199,39.28,-75.199,0.1364,0
43.282,-96.668,43.282,-96.668,0.0867,0
38.31,-81.476,38.31,-81.476,0.0827,0
42.308,-75.389,42.308,-75.389,0.0895,0
38.09,-93.692,38.09,-93.692,0.0784,0
45.655,-91.509,45.655,-91.509,0.0864,0
45.214,-93.571,45.214,-93.571,0.093,0
45.13,-97.311,45.13,-97.311,0.0867,0
46.687,-94.308,46.687,-94.308,0.093,0
41.132,-94.603,41.132,-94.603,0.0636,0
39.576,-75.832,39.576,-75.832,0.1247,0
38.181,-76.546,38.181,-76.546,0.1247,0
43.921,-89.498,43.921,-89.498,0.0864,0
41.044,-81.142,41.044,-81.142,0.0933,0
40.689,-84.735,40.689,-84.735,0.0933,0
46.452,-87.296,46.452,-87.296,0.0846,0
39.151,-84.003,39.151,-84.003,0.0933,0
42.183,-79.815,42.183,-79.815,0.102,0
38.229,-79.09,38.229,-79.09,0.0992,0
41.2,-81.696,41.2,-81.696,0.0933,0
42.78,-72.612,42.78,-72.612,0.126,0
41.398,-80.761,41.398,-80.761,0.0933,0
40.833,-79.277,40.833,-79.277,0.102,0
40.979,-76.57,40.979,-76.57,0.102,0
39.553,-88.223,39.553,-88.223,0.0996,0
42.498,-94.721,42.498,-94.721,0.0636,0
42.955,-92.758,42.955,-92.758,0.0636,0
43.395,-72.683,43.395,-72.683,0.126,0
44.34,-88.065,44.34,-88.065,0.0864,0
40.009,-89.462,40.009,-89.462,0.0996,0
39.417,-86.099,39.417,-86.099,0.0895,0
38.024,-87.285,38.024,-87.285,0.0895,0
41.321,-76.165,41.321,-76.165,0.102,0
41.428,-95.036,41.428,-95.036,0.0636,0
39.597,-81.475,39.597,-81.475,0.0933,0
41.496,-86.362,41.496,-86.362,0.0895,0
42.894,-90.659,42.894,-90.659,0.0864,0
42.209,-95.172,42.209,-95.172,0.0636,0
40.386,-79.688,40.386,-79.688,0.102,0
41.225,-97.815,41.225,-97.815,0.075,0
43.101,-88.679,43.101,-88.679,0.0864,0
46.066,-92.269,46.066,-92.269,0.0864,0
45.91,-90.383,45.91,-90.383,0.0864,0
43.227,-75.538,43.227,-75.538,0.0895,0
39.397,-91.23,39.397,-91.23,0.0784,0
46.698,-85.008,46.698,-85.008,0.0846,0
45.715,-94.651,45.715,-94.651,0.093,0
41.506,-82.813,41.506,-82.813,0.0933,0
38.304,-95.361,38.304,-95.361,0.0826,0
41.931,-91.037,41.931,-91.037,0.0636,0
40.544,-84.178,40.544,-84.178,0.0933,0
45.835,-91.022,45.835,-91.022,0.0864,0
39.502,-74.69,39.502,-74.69,0.1364,0
43.939,-72.942,43.939,-72.942,0.126,0
40.148,-75.65,40.148,-75.65,0.102,0
38.306,-95.919,38.306,-95.919,0.0826,0
41.198,-92.702,41.198,-92.702,0.0636,0
39.353,-93.221,39.353,-93.221,0.0784,0
44.837,-72.907,44.837,-72.907,0.126,0
43.11,-72.172,43.11,-72.172,0.1686,0
46.146,-91.63,46.146,-91.63,0.0864,0
39.967,-96.347,39.967,-96.347,0.0826,0
39.274,-97.619,39.274,-97.619,0.0826,0
43.562,-86.491,43.562,-86.491,0.0846,0
41.271,-75.133,41.271,-75.133,0.102,0
43.286,-85.319,43.286,-85.319,0.0846,0
42.129,-88.793,42.129,-88.793,0.0996,0
44.621,-89.886,44.621,-89.886,0.0864,0
42.207,-90.569,42.207,-90.569,0.0636,0
46.499,-95.111,46.499,-95.111,0.093,0
40.758,-87.057,40.758,-87.057,0.0895,0
39.281,-95.209,39.281,-95.209,0.0826,0
41.723,-95.473,41.723,-95.473,0.0636,0
40.707,-92.583,40.707,-92.583,0.0636,0
40.374,-82.319,40.374,-82.319,0.0933,0
41.971,-92.366,41.971,-92.366,0.0636,0
40.181,-84.535,40.181,-84.535,0.0933,0
42.24,-76.323,42.24,-76.323,0.0895,0
40.26,-95.917,40.26,-95.917,0.075,0
45.441,-88.545,45.441,-88.545,0.0864,0
41.361,-72.544,41.361,-72.544,0.177,0
43.881,-74.532,43.881,-74.532,0.0895,0
46.375,-93.045,46.375,-93.045,0.093,0
39.137,-85.003,39.137,-85.003,0.0895,0
38.756,-81.946,38.756,-81.946,0.0827,0
42.59,-72.069,42.59,-72.069,0.1903,0
43.181,-97.27,43.181,-97.27,0.0867,0
41.458,-91.515,41.458,-91.515,0.0636,0
39.967,-95.487,39.967,-95.487,0.0826,0
41.804,-77.515,41.804,-77.515,0.102,0
45.497,-89.795,45.497,-89.795,0.0864,0
44.925,-74.149,44.925,-74.149,0.0895,0
43.338,-89.56,43.338,-89.56,0.0864,0
43.168,-90.182,43.168,-90.182,0.0864,0
41.631,-76.967,41.631,-76.967,0.102,0
46.413,-88.42,46.413,-88.42,0.0846,0
40.054,-97.782,40.054,-97.782,0.075,0
43.846,-87.977,43.846,-87.977,0.0864,0
38.041,-80.831,38.041,-80.831,0.0827,0
40.263,-86.981,40.263,-86.981,0.0895,0
41.287,-77.37,41.287,-77.37,0.102,0
42.585,-90.237,42.585,-90.237,0.0864,0
40.654,-90.846,40.654,-90.846,0.0996,0
40.577,-81.398,40.577,-81.398,0.0933,0
46.361,-84.431,46.361,-84.431,0.0846,0
44.053,-97.747,44.053,-97.747,0.0867,0
40.592,-75.951,40.592,-75.951,0.102,0
39.147,-79.282,39.147,-79.282,0.0827,0
38.644,-76.981,38.644,-76.981,0.1247,0
42.699,-95.913,42.699,-95.913,0.0636,0
40.276,-80.446,40.276,-80.446,0.102,0
46.002,-94.17,46.002,-94.17,0.093,0
43.769,-95.151,43.769,-95.151,0.093,0
42.828,-83.285,42.828,-83.285,0.0846,0
42.306,-85.339,42.306,-85.339,0.0846,0
45.817,-96.539,45.817,-96.539,0.093,0
40.981,-72.087,40.981,-72.087,0.0895,0
43.651,-84.949,43.651,-84.949,0.0846,0
41.872,-78.847,41.872,-78.847,0.102,0
46.915,-88.676,46.915,-88.676,0.0846,0
39.504,-82.503,39.504,-82.503,0.0933,0
43.257,-93.195,43.257,-93.195,0.0636,0
44.479,-73.84,44.479,-73.84,0.0895,0
42.826,-91.565,42.826,-91.565,0.0636,0
44.842,-88.309,44.842,-88.309,0.0864,0
38.398,-82.306,38.398,-82.306,0.0827,0
38.559,-92.694,38.559,-92.694,0.0784,0
38.871,-90.281,38.871,-90.281,0.0784,0
40.71,-78.279,40.71,-78.279,0.102,0
39.423,-92.081,39.423,-92.081,0.0784,0
38.36,-87.942,38.36,-87.942,0.0996,0
41.354,-82.253,41.354,-82.253,0.0933,0
46.891,-95.586,46.891,-95.586,0.093,0
38.215,-83.47,38.215,-83.47,0.0686,0
46.464,-89.532,46.464,-89.532,0.0846,0
40.153,-94.337,40.153,-94.337,0.0784,0
43.952,-93.927,43.952,-93.927,0.093,0
41.477,-79.7,41.477,-79.7,0.102,0
44.209,-87.467,44.209,-87.467,0.0864,0
45.683,-92.608,45.683,-92.608,0.0864,0
38.781,-85.488,38.781,-85.488,0.0895,0
38.312,-91.028,38.312,-91.028,0.0784,0
38.394,-94.381,38.394,-94.381,0.0784,0
39.663,-79.437,39.663,-79.437,0.1247,0
39.766,-97.345,39.766,-97.345,0.0826,0
41.456,-87.252,41.456,-87.252,0.0895,0
42.671,-84.974,42.671,-84.974,0.0846,0
43.626,-83.423,43.626,-83.423,0.0846,0
39.601,-76.697,39.601,-76.697,0.1247,0
40.484,-91.583,40.484,-91.583,0.0636,0
43.058,-78.818,43.058,-78.818,0.0895,0
39.774,-85.614,39.774,-85.614,0.0895,0
44.738,-85.058,44.738,-85.058,0.0846,0
42.697,-95.315,42.697,-95.315,0.0636,0
43.318,-91.681,43.318,-91.681,0.0636,0
45.329,-96.691,45.329,-96.691,0.0867,0
38.641,-83.814,38.641,-83.814,0.0686,0
43.979,-84.119,43.979,-84.119,0.0846,0
38.273,-85.287,38.273,-85.287,0.0686,0
45.957,-87.211,45.957,-87.211,0.0846,0
44.231,-93.15,44.231,-93.15,0.093,0
42.148,-77.109,42.148,-77.109,0.0895,0
40.732,-81.948,40.732,-81.948,0.0933,0
39.755,-77.816,39.755,-77.816,0.102,0
42.672,-93.222,42.672,-93.222,0.0636,0
40.894,-83.673,40.894,-83.673,0.0933,0
44.221,-75.509,44.221,-75.509,0.0895,0
38.896,-84.476,38.896,-84.476,0.0686,0
46.089,-87.827,46.089,-87.827,0.0846,0
40.746,-83.117,40.746,-83.117,0.0933,0
41.954,-91.775,41.954,-91.775,0.0636,0
43.576,-96.216,43.576,-96.216,0.093,0
45.628,-86.63,45.628,-86.63,0.0846,0
46.495,-97.342,46.495,-97.342,0.0755,0
46.388,-93.84,46.388,-93.84,0.093,0
45.12,-90.146,45.12,-90.146,0.0864,0
43.425,-85.904,43.425,-85.904,0.0846,0
39.278,-90.671,39.278,-90.671,0.0996,0
46.537,-85.52,46.537,-85.52,0.0846,0
40.892,-89.516,40.892,-89.516,0.0996,0
44.93,-73.509,44.93,-73.509,0.0895,0
45.172,-91.701,45.172,-91.701,0.0864,0
41.191,-87.728,41.191,-87.728,0.0996,0
42.979,-97.867,42.979,-97.867,0.0867,0
44.775,-88.939,44.775,-88.939,0.0864,0
45.032,-94.666,45.032,-94.666,0.093,0
43.964,-96.675,43.964,-96.675,0.0867,0
40.354,-94.908,40.354,-94.908,0.0784,0
44.544,-94.523,44.544,-94.523,0.093,0
38.931,-91.97,38.931,-91.97,0.0784,0
41.453,-73.717,41.453,-73.717,0.0895,0
40.27,-85.678,40.27,-85.678,0.0895,0
43.489,-73.271,43.489,-73.271,0.0895,0
41.556,-81.317,41.556,-81.317,0.0933,0
39.044,-92.528,39.044,-92.528,0.0784,0
46.046,-88.944,46.046,-88.944,0.0864,0
41.013,-79.969,41.013,-79.969,0.102,0
40.552,-95.483,40.552,-95.483,0.0784,0
39.52,-87.656,39.52,-87.656,0.0996,0
46.499,-96.705,46.499,-96.705,0.093,0
41.56,-84.578,41.56,-84.578,0.0933,0
44.843,-95.755,44.843,-95.755,0.093,0
43.462,-93.792,43.462,-93.792,0.0636,0
45.873,-89.439,45.873,-89.439,0.0864,0
39.944,-76.301,39.944,-76.301,0.102,0
39.134,-80.863,39.134,-80.863,0.0827,0
38.582,-93.815,38.582,-93.815,0.0784,0
42.32,-77.663,42.32,-77.663,0.0895,0
40.177,-91.172,40.177,-91.172,0.0996,0
42.503,-88.451,42.503,-88.451,0.0864,0
42.973,-93.659,42.973,-93.659,0.0636,0
39.938,-90.043,39.938,-90.043,0.0996,0
42.941,-92.158,42.941,-92.158,0.0636,0
40.973,-78.796,40.973,-78.796,0.102,0
41.816,-86.757,41.816,-86.757,0.0846,0
46.774,-93.505,46.774,-93.505,0.093,0
42.291,-93.685,42.291,-93.685,0.0636,0
40.63,-93.6,40.63,-93.6,0.0636,0
46.3,-94.637,46.3,-94.637,0.093,0
45.891,-93.227,45.891,-93.227,0.093,0
45.331,-95.91,45.331,-95.91,0.093,0
45.66,-84.253,45.66,-84.253,0.0846,0
43.238,-74.916,43.238,-74.916,0.0895,0
40.734,-85.311,40.734,-85.311,0.0895,0
41.714,-85.292,41.714,-85.292,0.0895,0
38.277,-84.162,38.277,-84.162,0.0686,0
38.827,-82.643,38.827,-82.643,0.0933,0
44.072,-90.861,44.072,-90.861,0.0864,0
41.864,-86.008,41.864,-86.008,0.0846,0
39.863,-82.138,39.863,-82.138,0.0933,0
44.355,-95.604,44.355,-95.604,0.093,0
43.922,-92.401,43.922,-92.401,0.093,0
38.881,-94.228,38.881,-94.228,0.0784,0
42.211,-95.766,42.211,-95.766,0.0636,0
39.919,-92.338,39.919,-92.338,0.0784,0
42.589,-94.122,42.589,-94.122,0.0636,0
41.118,-74.137,41.118,-74.137,0.0895,0
42.359,-89.512,42.359,-89.512,0.0996,0
46.684,-90.148,46.684,-90.148,0.0846,0
43.792,-85.536,43.792,-85.536,0.0846,0
41.782,-78.122,41.782,-78.122,0.102,0
41.789,-75.26,41.789,-75.26,0.102,0
46.012,-95.276,46.012,-95.276,0.093,0
41.409,-79.123,41.409,-79.123,0.102,0
40.236,-82.929,40.236,-82.929,0.0933,0
43.405,-76.097,43.405,-76.097,0.0895,0
40.937,-97.37,40.937,-97.37,0.075,0
43.863,-97.284,43.863,-97.284,0.0867,0
42.465,-78.833,42.465,-78.833,0.0895,0
38.64,-84.945,38.64,-84.945,0.0686,0
44.806,-92.658,44.806,-92.658,0.0864,0
43.201,-91.085,43.201,-91.085,0.0864,0
44.3,-91.917,44.3,-91.917,0.0864,0
40.22,-81.77,40.22,-81.77,0.0933,0
45.703,-93.708,45.703,-93.708,0.093,0
45.523,-95.126,45.523,-95.126,0.093,0
45.036,-95.288,45.036,-95.288,0.093,0
45.067,-84.214,45.067,-84.214,0.0846,0
39.513,-83.649,39.513,-83.649,0.0933,0
46.638,-91.752,46.638,-91.752,0.0864,0
40.967,-91.404,40.967,-91.404,0.0636,0
42.695,-97.11,42.695,-97.11,0.075,0
46.317,-86.678,46.317,-86.678,0.0846,0
39.278,-85.55,39.278,-85.55,0.0895,0
45.259,-87.002,45.259,-87.002,0.0864,0
45.913,-83.725,45.913,-83.725,0.0846,0
38.913,-91.406,38.913,-91.406,0.0784,0
43.752,-90.126,43.752,-90.126,0.0864,0
42.273,-83.698,42.273,-83.698,0.0846,0
46.579,-86.154,46.579,-86.154,0.0846,0
43.512,-89.086,43.512,-89.086,0.0864,0
46.882,-97.672,46.882,-97.672,0.0755,0
39.654,-93.636,39.654,-93.636,0.0784,0
39.467,-94.212,39.467,-94.212,0.0784,0
40.352,-97.358,40.352,-97.358,0.075,0
42.185,-86.404,42.185,-86.404,0.0846,0
42.678,-82.712,42.678,-82.712,0.0846,0
41.021,-86.58,41.021,-86.58,0.0895,0
44.356,-74.359,44.356,-74.359,0.0895,0
39.575,-84.355,39.575,-84.355,0.0933,0
38.941,-86.313,38.941,-86.313,0.0895,0
38.795,-90.851,38.795,-90.851,0.0784,0
41.65,-88.996,41.65,-88.996,0.0996,0
42.068,-84.783,42.068,-84.783,0.0846,0
39.351,-81.961,39.351,-81.961,0.0933,0
38.64,-76.265,38.64,-76.265,0.1247,0
40.553,-96.35,40.553,-96.35,0.075,0
43.756,-75.045,43.756,-75.045,0.0895,0
46.087,-89.891,46.087,-89.891,0.0864,0
40.001,-91.759,40.001,-91.759,0.0784,0
40.397,-78.953,40.397,-78.953,0.102,0
40.787,-86.032,40.787,-86.032,0.0895,0
44.058,-94.688,44.058,-94.688,0.093,0
40.988,-92.13,40.988,-92.13,0.0636,0
42.727,-89.024,42.727,-89.024,0.0864,0
42.335,-91.451,42.335,-91.451,0.0636,0
38.392,-88.5,38.392,-88.5,0.0996,0
44.244,-90.231,44.244,-90.231,0.0864,0
43.469,-97.73,43.469,-97.73,0.0867,0
38.105,-94.806,38.105,-94.806,0.0826,0
41.24,-85.519,41.24,-85.519,0.0895,0
39.257,-77.09,39.257,-77.09,0.1247,0
45.223,-83.711,45.223,-83.711,0.0846,0
39.81,-80.704,39.81,-80.704,0.0827,0
41.678,-89.583,41.678,-89.583,0.0996,0
44.798,-83.331,44.798,-83.331,0.0846,0
42.005,-94.139,42.005,-94.139,0.0636,0
46.403,-95.749,46.403,-95.749,0.093,0
42.398,-97.551,42.398,-97.551,0.075,0
39.842,-80.116,39.842,-80.116,0.102,0
39.696,-89.064,39.696,-89.064,0.0996,0
44.743,-96.839,44.743,-96.839,0.0867,0
41.431,-95.915,41.431,-95.915,0.0636,0
41.059,-88.915,41.059,-88.915,0.0996,0
38.728,-75.52,38.728,-75.52,0.0948,0
39.353,-90.096,39.353,-90.096,0.0996,0
45.818,-95.751,45.818,-95.751,0.093,0
41.765,-83.501,41.765,-83.501,0.0846,0
41.709,-90.317,41.709,-90.317,0.0636,0
41.223,-88.31,41.223,-88.31,0.0996,0
45.123,-97.934,45.123,-97.934,0.0867,0
45.997,-84.822,45.997,-84.822,0.0846,0
39.098,-75.981,39.098,-75.981,0.1247,0
39.425,-89.52,39.425,-89.52,0.0996,0
43.656,-82.65,43.656,-82.65,0.0846,0
44.4,-89.291,44.4,-89.291,0.0864,0
45.245,-85.279,45.245,-85.279,0.0846,0
39.863,-90.623,39.863,-90.623,0.0996,0
46.107,-97.017,46.107,-97.017,0.0755,0
42.806,-84.196,42.806,-84.196,0.0846,0
40.843,-95.045,40.843,-95.045,0.0636,0
44.448,-97.296,44.448,-97.296,0.0867,0
41.691,-72.115,41.691,-72.115,0.177,0
38.804,-88.876,38.804,-88.876,0.0996,0
42.682,-76.639,42.682,-76.639,0.0895,0
38.316,-85.843,38.316,-85.843,0.0895,0
38.073,-92.857,38.073,-92.857,0.0784,0
39.939,-84.001,39.939,-84.001,0.0933,0
44.265,-85.299,44.265,-85.299,0.0846,0
38.003,-97.588,38.003,-97.588,0.0826,0
40.311,-86.251,40.311,-86.251,0.0895,0
44.548,-95.14,44.548,-95.14,0.093,0
45.809,-97.642,45.809,-97.642,0.0867,0
42.446,-85.914,42.446,-85.914,0.0846,0
44.387,-73.241,44.387,-73.241,0.126,0
40.942,-77.769,40.942,-77.769,0.102,0
38.429,-91.58,38.429,-91.58,0.0784,0
39.12,-78.282,39.12,-78.282,0.0992,0
38.62,-80.697,38.62,-80.697,0.0827,0
38.493,-97.46,38.493,-97.46,0.0826,0
39.311,-79.815,39.311,-79.815,0.0827,0
39.573,-86.934,39.573,-86.934,0.0895,0
46.208,-96.225,46.208,-96.225,0.093,0
43.684,-88.609,43.684,-88.609,0.0864,0
40.58,-89.113,40.58,-89.113,0.0996,0
45.189,-92.324,45.189,-92.324,0.0864,0
43.144,-84.737,43.144,-84.737,0.0846,0
38.279,-86.69,38.279,-86.69,0.0895,0
45.919,-88.326,45.919,-88.326,0.0864,0
43.184,-95.159,43.184,-95.159,0.0636,0
38.466,-82.998,38.466,-82.998,0.0686,0
38.779,-81.23,38.779,-81.23,0.0827,0
41.321,-78.403,41.321,-78.403,0.102,0
43.332,-77.817,43.332,-77.817,0.0895,0
41.138,-96.353,41.138,-96.353,0.075,0
41.121,-93.728,41.121,-93.728,0.0636,0
40.995,-82.625,40.995,-82.625,0.0933,0
40.345,-90.438,40.345,-90.438,0.0996,0
39.674,-95.918,39.674,-95.918,0.0826,0
42.984,-94.561,42.984,-94.561,0.0636,0
43.353,-87.89,43.353,-87.89,0.0864,0
38.446,-92.139,38.446,-92.139,0.0784,0
42.465,-92.635,42.465,-92.635,0.0636,0
38.129,-89.088,38.129,-89.088,0.0996,0
41.689,-92.824,41.689,-92.824,0.0636,0
43.274,-76.603,43.274,-76.603,0.0895,0
43.432,-92.279,43.432,-92.279,0.0636,0
38.394,-79.616,38.394,-79.616,0.0992,0
46.327,-91.139,46.327,-91.139,0.0864,0
42.59,-73.3,42.59,-73.3,0.1903,0
42.581,-75.908,42.581,-75.908,0.0895,0
41.052,-84.377,41.052,-84.377,0.0933,0
39.238,-77.673,39.238,-77.673,0.0992,0
43.146,-82.457,43.146,-82.457,0.0846,0
44.703,-87.551,44.703,-87.551,0.0864,0
40.145,-93.762,40.145,-93.762,0.0784,0
40.227,-87.997,40.227,-87.997,0.0996,0
41.433,-90.782,41.433,-90.782,0.0996,0
46.583,-87.917,46.583,-87.917,0.0846,0
38.862,-80.212,38.862,-80.212,0.0827,0
46.506,-90.645,46.506,-90.645,0.0864,0
44.595,-84.463,44.595,-84.463,0.0846,0
45.955,-85.624,45.955,-85.624,0.0846,0
42.325,-79.325,42.325,-79.325,0.0895,0
44.135,-83.625,44.135,-83.625,0.0846,0
44.792,-75.31,44.792,-75.31,0.0895,0
44.123,-84.708,44.123,-84.708,0.0846,0
45.214,-87.948,45.214,-87.948,0.0864,0
41.42,-94.157,41.42,-94.157,0.0636,0
40.932,-75.544,40.932,-75.544,0.102,0
44.742,-90.493,44.742,-90.493,0.0864,0
40.101,-77.425,40.101,-77.425,0.102,0
39.864,-94.773,39.864,-94.773,0.0784,0
41.543,-80.279,41.543,-80.279,0.102,0
38.603,-78.137,38.603,-78.137,0.0992,0
45.268,-89.036,45.268,-89.036,0.0864,0
40.493,-87.529,40.493,-87.529,0.0996,0
41.723,-96.651,41.723,-96.651,0.075,0
45.405,-84.777,45.405,-84.777,0.0846,0
45.997,-86.253,45.997,-86.253,0.0846,0
42.127,-74.842,42.127,-74.842,0.0895,0
38.936,-87.73,38.936,-87.73,0.0996,0
42.182,-93.095,42.182,-93.095,0.0636,0
43.809,-91.798,43.809,-91.798,0.093,0
44.803,-85.981,44.803,-85.981,0.0846,0
41.255,-83.308,41.255,-83.308,0.0933,0
39.892,-87.32,39.892,-87.32,0.0895,0
40.194,-78.13,40.194,-78.13,0.102,0
42.298,-78.275,42.298,-78.275,0.0895,0
41.45,-75.674,41.45,-75.674,0.102,0
38.871,-88.304,38.871,-88.304,0.0996,0
45.417,-94.188,45.417,-94.188,0.093,0
40.721,-88.08,40.721,-88.08,0.0996,0
44.436,-93.756,44.436,-93.756,0.093,0
40.935,-73.004,40.935,-73.004,0.0895,0
43.156,-83.672,43.156,-83.672,0.0846,0
39.376,-80.375,39.376,-80.375,0.0827,0
42.226,-84.306,42.226,-84.306,0.0846,0
38.693,-78.827,38.693,-78.827,0.0992,0
40.639,-97.798,40.639,-97.798,0.075,0
40.93,-90.387,40.93,-90.387,0.0996,0
39.939,-93.196,39.939,-93.196,0.0784,0
44.348,-74.993,44.348,-74.993,0.0895,0
44.681,-91.582,44.681,-91.582,0.0864,0
40.648,-96.93,40.648,-96.93,0.075,0
43.405,-78.411,43.405,-78.411,0.0895,0
44.177,-88.702,44.177,-88.702,0.0864,0
44.94,-96.376,44.94,-96.376,0.093,0
38.271,-75.806,38.271,-75.806,0.1247,0
42.858,-89.76,42.858,-89.76,0.0864,0
43.186,-95.762,43.186,-95.762,0.0636,0
44.801,-74.672,44.801,-74.672,0.0895,0
